Workbook

Sheet Analysis dashboard
A1: Placement Statistics
A2: SECTION | B2: TOTAL | C2: BOYS | D2: GIRLS | E2: ELIGIBLE | F2: BOYS | G2: GIRLS | H2: PLACED UNIQUE | I2: BOYS | J2: GIRLS | K2: PLACED (Total offers) | L2: Boys(total multiple offers) | M2: girls (total multiple offers) | N2: Total students having multiple offers | O2: Boys | P2: Girls | Q2: Unplaced Students | R2: Boys | S2: Girls
A3: A | B3: =COUNTIF('Analysis data'!$C:$C,$A$3) -> 72 | C3: =COUNTIFS('Analysis data'!$C:$C,$A$3,'Analysis data'!$H:$H,"male") -> 47 | D3: =COUNTIFS('Analysis data'!$C:$C,$A$3,'Analysis data'!$H:$H,"female") -> 25 | E3: =COUNTIFS('Analysis data'!$C:$C,$A$3,'Analysis data'!$G:$G,"pass") -> 59 | F3: =COUNTIFS('Analysis data'!$C:$C,$A$3,'Analysis data'!$H:$H,"male",'Analysis data'!$G:$G,"pass") -> 37 | G3: =COUNTIFS('Analysis data'!$C:$C,$A$3,'Analysis data'!$H:$H,"female",'Analysis data'!$G:$G,"pass") -> 22 | H3: =COUNTIFS('Analysis data'!$C:$C,$A$3,'Analysis data'!$L:$L,"<>0") -> 53 | I3: =COUNTIFS('Analysis data'!$C:$C,$A$3,'Analysis data'!$L:$L,"<>0",'Analysis data'!$H:$H,"male") -> 36 | J3: =COUNTIFS('Analysis data'!$C:$C,$A$3,'Analysis data'!$L:$L,"<>0",'Analysis data'!$H:$H,"FEmale") -> 17 | K3: =SUMIFS('Analysis data'!$L$2:$L$358,'Analysis data'!$C$2:$C$358,"a",'Analysis data'!$L$2:$L$358,">0") -> 104 | L3: =SUMIFS('Analysis data'!$L$2:$L$358,'Analysis data'!$C$2:$C$358,"a",'Analysis data'!$H$2:$H$358,"male",'Analysis data'!$L$2:$L$358,">0") -> 70 | M3: =SUMIFS('Analysis data'!$L$2:$L$358,'Analysis data'!$C$2:$C$358,"a",'Analysis data'!$H$2:$H$358,"female",'Analysis data'!$L$2:$L$358,">0") -> 34 | N3: =COUNTIFS('Analysis data'!$C$2:$C$358,"A",'Analysis data'!$L$2:$L$358,">1") -> 29 | O3: =COUNTIFS('Analysis data'!$C$2:$C$358,"A",'Analysis data'!$L$2:$L$358,">1",'Analysis data'!$H$2:$H$358,"male") -> 21 | P3: =COUNTIFS('Analysis data'!$C$2:$C$358,"A",'Analysis data'!$L$2:$L$358,">1",'Analysis data'!$H$2:$H$358,"female") -> 8 | Q3: =COUNTIFS('Analysis data'!$C:$C,$A$3,'Analysis data'!$G:$G,"pass",'Analysis data'!$L:$L,"0") -> 10 | R3: =COUNTIFS('Analysis data'!$C:$C,$A$3,'Analysis data'!$G:$G,"pass",'Analysis data'!$L:$L,"0",'Analysis data'!$H:$H,"male") -> 5 | S3: =COUNTIFS('Analysis data'!$C:$C,$A$3,'Analysis data'!$G:$G,"pass",'Analysis data'!$L:$L,"0",'Analysis data'!$H:$H,"FEmale") -> 5
A4: B | B4: =COUNTIF('Analysis data'!$C:$C,$A$4) -> 72 | C4: =COUNTIFS('Analysis data'!$C:$C,$A$4,'Analysis data'!$H:$H,"male") -> 44 | D4: =COUNTIFS('Analysis data'!$C:$C,$A$4,'Analysis data'!$H:$H,"female") -> 28 | E4: =COUNTIFS('Analysis data'!$C:$C,$A$4,'Analysis data'!$G:$G,"pass") -> 60 | F4: =COUNTIFS('Analysis data'!$C:$C,$A$4,'Analysis data'!$H:$H,"male",'Analysis data'!$G:$G,"pass") -> 33 | G4: =COUNTIFS('Analysis data'!$C:$C,$A$4,'Analysis data'!$H:$H,"female",'Analysis data'!$G:$G,"pass") -> 27 | H4: =COUNTIFS('Analysis data'!$C:$C,$A$4,'Analysis data'!$L:$L,"<>0") -> 50 | I4: =COUNTIFS('Analysis data'!$C:$C,$A$4,'Analysis data'!$L:$L,"<>0",'Analysis data'!$H:$H,"male") -> 29 | J4: =COUNTIFS('Analysis data'!$C:$C,$A$4,'Analysis data'!$L:$L,"<>0",'Analysis data'!$H:$H,"FEmale") -> 21 | K4: =SUMIFS('Analysis data'!$L$2:$L$358,'Analysis data'!$C$2:$C$358,"b",'Analysis data'!$L$2:$L$358,">0") -> 100 | L4: =SUMIFS('Analysis data'!$L$2:$L$358,'Analysis data'!$C$2:$C$358,"b",'Analysis data'!$H$2:$H$358,"male",'Analysis data'!$L$2:$L$358,">0") -> 58 | M4: =SUMIFS('Analysis data'!$L$2:$L$358,'Analysis data'!$C$2:$C$358,"b",'Analysis data'!$H$2:$H$358,"female",'Analysis data'!$L$2:$L$358,">0") -> 42 | N4: =COUNTIFS('Analysis data'!$C$2:$C$358,"b",'Analysis data'!$L$2:$L$358,">1") -> 30 | O4: =COUNTIFS('Analysis data'!$C$2:$C$358,"b",'Analysis data'!$L$2:$L$358,">1",'Analysis data'!$H$2:$H$358,"male") -> 17 | P4: =COUNTIFS('Analysis data'!$C$2:$C$358,"b",'Analysis data'!$L$2:$L$358,">1",'Analysis data'!$H$2:$H$358,"female") -> 13 | Q4: =COUNTIFS('Analysis data'!$C:$C,$A$4,'Analysis data'!$G:$G,"pass",'Analysis data'!$L:$L,"0") -> 12 | R4: =COUNTIFS('Analysis data'!$C:$C,$A$4,'Analysis data'!$G:$G,"pass",'Analysis data'!$L:$L,"0",'Analysis data'!$H:$H,"male") -> 6 | S4: =COUNTIFS('Analysis data'!$C:$C,$A$4,'Analysis data'!$G:$G,"pass",'Analysis data'!$L:$L,"0",'Analysis data'!$H:$H,"FEmale") -> 6
A5: C | B5: =COUNTIF('Analysis data'!$C:$C,$A$5) -> 71 | C5: =COUNTIFS('Analysis data'!$C:$C,$A$5,'Analysis data'!$H:$H,"male") -> 49 | D5: =COUNTIFS('Analysis data'!$C:$C,$A$5,'Analysis data'!$H:$H,"female") -> 22 | E5: =COUNTIFS('Analysis data'!$C:$C,$A$5,'Analysis data'!$G:$G,"pass") -> 57 | F5: =COUNTIFS('Analysis data'!$C:$C,$A$5,'Analysis data'!$H:$H,"male",'Analysis data'!$G:$G,"pass") -> 38 | G5: =COUNTIFS('Analysis data'!$C:$C,$A$5,'Analysis data'!$H:$H,"female",'Analysis data'!$G:$G,"pass") -> 19 | H5: =COUNTIFS('Analysis data'!$C:$C,$A$5,'Analysis data'!$L:$L,"<>0") -> 54 | I5: =COUNTIFS('Analysis data'!$C:$C,$A$5,'Analysis data'!$L:$L,"<>0",'Analysis data'!$H:$H,"male") -> 36 | J5: =COUNTIFS('Analysis data'!$C:$C,$A$5,'Analysis data'!$L:$L,"<>0",'Analysis data'!$H:$H,"FEmale") -> 18 | K5: =SUMIFS('Analysis data'!$L$2:$L$358,'Analysis data'!$C$2:$C$358,"c",'Analysis data'!$L$2:$L$358,">0") -> 95 | L5: =SUMIFS('Analysis data'!$L$2:$L$358,'Analysis data'!$C$2:$C$358,"c",'Analysis data'!$H$2:$H$358,"male",'Analysis data'!$L$2:$L$358,">0") -> 65 | M5: =SUMIFS('Analysis data'!$L$2:$L$358,'Analysis data'!$C$2:$C$358,"c",'Analysis data'!$H$2:$H$358,"female",'Analysis data'!$L$2:$L$358,">0") -> 30 | N5: =COUNTIFS('Analysis data'!$C$2:$C$358,"c",'Analysis data'!$L$2:$L$358,">1") -> 30 | O5: =COUNTIFS('Analysis data'!$C$2:$C$358,"c",'Analysis data'!$L$2:$L$358,">1",'Analysis data'!$H$2:$H$358,"male") -> 20 | P5: =COUNTIFS('Analysis data'!$C$2:$C$358,"c",'Analysis data'!$L$2:$L$358,">1",'Analysis data'!$H$2:$H$358,"female") -> 10 | Q5: =COUNTIFS('Analysis data'!$C:$C,$A$5,'Analysis data'!$G:$G,"pass",'Analysis data'!$L:$L,"0") -> 6 | R5: =COUNTIFS('Analysis data'!$C:$C,$A$5,'Analysis data'!$G:$G,"pass",'Analysis data'!$L:$L,"0",'Analysis data'!$H:$H,"male") -> 4 | S5: =COUNTIFS('Analysis data'!$C:$C,$A$5,'Analysis data'!$G:$G,"pass",'Analysis data'!$L:$L,"0",'Analysis data'!$H:$H,"FEmale") -> 2
A6: D | B6: =COUNTIF('Analysis data'!$C:$C,$A$6) -> 71 | C6: =COUNTIFS('Analysis data'!$C:$C,$A$6,'Analysis data'!$H:$H,"male") -> 37 | D6: =COUNTIFS('Analysis data'!$C:$C,$A$6,'Analysis data'!$H:$H,"female") -> 34 | E6: =COUNTIFS('Analysis data'!$C:$C,$A$6,'Analysis data'!$G:$G,"pass") -> 63 | F6: =COUNTIFS('Analysis data'!$C:$C,$A$6,'Analysis data'!$H:$H,"male",'Analysis data'!$G:$G,"pass") -> 31 | G6: =COUNTIFS('Analysis data'!$C:$C,$A$6,'Analysis data'!$H:$H,"female",'Analysis data'!$G:$G,"pass") -> 32 | H6: =COUNTIFS('Analysis data'!$C:$C,$A$6,'Analysis data'!$L:$L,"<>0") -> 49 | I6: =COUNTIFS('Analysis data'!$C:$C,$A$6,'Analysis data'!$L:$L,"<>0",'Analysis data'!$H:$H,"male") -> 23 | J6: =COUNTIFS('Analysis data'!$C:$C,$A$6,'Analysis data'!$L:$L,"<>0",'Analysis data'!$H:$H,"FEmale") -> 26 | K6: =SUMIFS('Analysis data'!$L$2:$L$358,'Analysis data'!$C$2:$C$358,"d",'Analysis data'!$L$2:$L$358,">0") -> 94 | L6: =SUMIFS('Analysis data'!$L$2:$L$358,'Analysis data'!$C$2:$C$358,"d",'Analysis data'!$H$2:$H$358,"male",'Analysis data'!$L$2:$L$358,">0") -> 42 | M6: =SUMIFS('Analysis data'!$L$2:$L$358,'Analysis data'!$C$2:$C$358,"d",'Analysis data'!$H$2:$H$358,"female",'Analysis data'!$L$2:$L$358,">0") -> 52 | N6: =COUNTIFS('Analysis data'!$C$2:$C$358,"d",'Analysis data'!$L$2:$L$358,">1") -> 28 | O6: =COUNTIFS('Analysis data'!$C$2:$C$358,"d",'Analysis data'!$L$2:$L$358,">1",'Analysis data'!$H$2:$H$358,"male") -> 12 | P6: =COUNTIFS('Analysis data'!$C$2:$C$358,"d",'Analysis data'!$L$2:$L$358,">1",'Analysis data'!$H$2:$H$358,"female") -> 16 | Q6: =COUNTIFS('Analysis data'!$C:$C,$A$6,'Analysis data'!$G:$G,"pass",'Analysis data'!$L:$L,"0") -> 16 | R6: =COUNTIFS('Analysis data'!$C:$C,$A$6,'Analysis data'!$G:$G,"pass",'Analysis data'!$L:$L,"0",'Analysis data'!$H:$H,"male") -> 9 | S6: =COUNTIFS('Analysis data'!$C:$C,$A$6,'Analysis data'!$G:$G,"pass",'Analysis data'!$L:$L,"0",'Analysis data'!$H:$H,"FEmale") -> 7
A7: E | B7: =COUNTIF('Analysis data'!$C:$C,$A$7) -> 71 | C7: =COUNTIFS('Analysis data'!$C:$C,$A$7,'Analysis data'!$H:$H,"male") -> 44 | D7: =COUNTIFS('Analysis data'!$C:$C,$A$7,'Analysis data'!$H:$H,"female") -> 27 | E7: =COUNTIFS('Analysis data'!$C:$C,$A$7,'Analysis data'!$G:$G,"pass") -> 62 | F7: =COUNTIFS('Analysis data'!$C:$C,$A$7,'Analysis data'!$H:$H,"male",'Analysis data'!$G:$G,"pass") -> 36 | G7: =COUNTIFS('Analysis data'!$C:$C,$A$7,'Analysis data'!$H:$H,"female",'Analysis data'!$G:$G,"pass") -> 26 | H7: =COUNTIFS('Analysis data'!$C:$C,$A$7,'Analysis data'!$L:$L,"<>0") -> 53 | I7: =COUNTIFS('Analysis data'!$C:$C,$A$7,'Analysis data'!$L:$L,"<>0",'Analysis data'!$H:$H,"male") -> 31 | J7: =COUNTIFS('Analysis data'!$C:$C,$A$7,'Analysis data'!$L:$L,"<>0",'Analysis data'!$H:$H,"FEmale") -> 22 | K7: =SUMIFS('Analysis data'!$L$2:$L$358,'Analysis data'!$C$2:$C$358,"e",'Analysis data'!$L$2:$L$358,">0") -> 111 | L7: =SUMIFS('Analysis data'!$L$2:$L$358,'Analysis data'!$C$2:$C$358,"e",'Analysis data'!$H$2:$H$358,"male",'Analysis data'!$L$2:$L$358,">0") -> 60 | M7: =SUMIFS('Analysis data'!$L$2:$L$358,'Analysis data'!$C$2:$C$358,"e",'Analysis data'!$H$2:$H$358,"female",'Analysis data'!$L$2:$L$358,">0") -> 51 | N7: =COUNTIFS('Analysis data'!$C$2:$C$358,"e",'Analysis data'!$L$2:$L$358,">1") -> 32 | O7: =COUNTIFS('Analysis data'!$C$2:$C$358,"e",'Analysis data'!$L$2:$L$358,">1",'Analysis data'!$H$2:$H$358,"male") -> 16 | P7: =COUNTIFS('Analysis data'!$C$2:$C$358,"e",'Analysis data'!$L$2:$L$358,">1",'Analysis data'!$H$2:$H$358,"female") -> 16 | Q7: =COUNTIFS('Analysis data'!$C:$C,$A$7,'Analysis data'!$G:$G,"pass",'Analysis data'!$L:$L,"0") -> 10 | R7: =COUNTIFS('Analysis data'!$C:$C,$A$7,'Analysis data'!$G:$G,"pass",'Analysis data'!$L:$L,"0",'Analysis data'!$H:$H,"male") -> 6 | S7: =COUNTIFS('Analysis data'!$C:$C,$A$7,'Analysis data'!$G:$G,"pass",'Analysis data'!$L:$L,"0",'Analysis data'!$H:$H,"FEmale") -> 4
B8: =SUM(B3:B7) -> 357 | C8: =SUM(C3:C7) -> 221 | D8: =SUM(D3:D7) -> 136 | E8: =SUM(E3:E7) -> 301 | F8: =SUM(F3:F7) -> 175 | G8: =SUM(G3:G7) -> 126 | H8: =SUM(H3:H7) -> 259 | I8: =SUM(I3:I7) -> 155 | ... S8: =SUM(S3:S7) -> 24
A12: Backlog Details
A13: SECTION | B13: TOTAL | C13: BOYS | D13: GIRLS | E13: Total Students without backlogs | F13: BOYS | G13: GIRLS | H13: Total students with backlog | I13: Boys | J13: Girls | K13: Total Students having 1 backlog | L13: Boys | M13: Girls | N13: Total Students having 2 backlog | O13: Boys | P13: Girls | Q13: Total Students having more than 2 backlog | R13: Boys | S13: Girls
A14: A | B14: =COUNTIF('Analysis data'!$C:$C,$A$3) -> 72 | C14: =COUNTIFS('Analysis data'!$C:$C,$A$3,'Analysis data'!$H:$H,"male") -> 47 | D14: =COUNTIFS('Analysis data'!$C:$C,$A$3,'Analysis data'!$H:$H,"female") -> 25 | E14: =COUNTIFS('Analysis data'!$C:$C,$A$3,'Analysis data'!$G:$G,"pass") -> 59 | F14: =COUNTIFS('Analysis data'!$C:$C,$A$3,'Analysis data'!$H:$H,"male",'Analysis data'!$G:$G,"pass") -> 37 | G14: =COUNTIFS('Analysis data'!$C:$C,$A$3,'Analysis data'!$H:$H,"female",'Analysis data'!$G:$G,"pass") -> 22 | H14: =COUNTIFS('Analysis data'!$C:$C,$A$3,'Analysis data'!$F:$F,"<>0") -> 13 | I14: =COUNTIFS('Analysis data'!$C:$C,$A$3,'Analysis data'!$F:$F,"<>0",'Analysis data'!$H:$H,"male") -> 10 | J14: =COUNTIFS('Analysis data'!$C:$C,$A$3,'Analysis data'!$F:$F,"<>0",'Analysis data'!$H:$H,"female") -> 3 | K14: =COUNTIFS('Analysis data'!$C:$C,$A$3,'Analysis data'!$F:$F,"1") -> 7 | L14: =COUNTIFS('Analysis data'!$C:$C,$A$3,'Analysis data'!$F:$F,"1",'Analysis data'!$H:$H,"male") -> 6 | M14: =COUNTIFS('Analysis data'!$C:$C,$A$3,'Analysis data'!$F:$F,"1",'Analysis data'!$H:$H,"female") -> 1 | N14: =COUNTIFS('Analysis data'!$C:$C,$A$3,'Analysis data'!$F:$F,"2") -> 2 | O14: =COUNTIFS('Analysis data'!$C:$C,$A$3,'Analysis data'!$F:$F,"2",'Analysis data'!$H:$H,"male") -> 2 | P14: =COUNTIFS('Analysis data'!$C:$C,$A$3,'Analysis data'!$F:$F,"2",'Analysis data'!$H:$H,"female") -> 0 | Q14: =COUNTIFS('Analysis data'!$C:$C,$A$3,'Analysis data'!$F:$F,">2") -> 4 | R14: =COUNTIFS('Analysis data'!$C:$C,$A$3,'Analysis data'!$F:$F,">2",'Analysis data'!$H:$H,"male") -> 2 | S14: =COUNTIFS('Analysis data'!$C:$C,$A$3,'Analysis data'!$F:$F,">2",'Analysis data'!$H:$H,"female") -> 2
A15: B | B15: =COUNTIF('Analysis data'!$C:$C,$A$4) -> 72 | C15: =COUNTIFS('Analysis data'!$C:$C,$A$4,'Analysis data'!$H:$H,"male") -> 44 | D15: =COUNTIFS('Analysis data'!$C:$C,$A$4,'Analysis data'!$H:$H,"female") -> 28 | E15: =COUNTIFS('Analysis data'!$C:$C,$A$4,'Analysis data'!$G:$G,"pass") -> 60 | F15: =COUNTIFS('Analysis data'!$C:$C,$A$4,'Analysis data'!$H:$H,"male",'Analysis data'!$G:$G,"pass") -> 33 | G15: =COUNTIFS('Analysis data'!$C:$C,$A$4,'Analysis data'!$H:$H,"female",'Analysis data'!$G:$G,"pass") -> 27 | H15: =COUNTIFS('Analysis data'!$C:$C,$A$4,'Analysis data'!$F:$F,"<>0") -> 11 | I15: =COUNTIFS('Analysis data'!$C:$C,$A$4,'Analysis data'!$F:$F,"<>0",'Analysis data'!$H:$H,"male") -> 10 | J15: =COUNTIFS('Analysis data'!$C:$C,$A$4,'Analysis data'!$F:$F,"<>0",'Analysis data'!$H:$H,"female") -> 1 | K15: =COUNTIFS('Analysis data'!$C:$C,$A$4,'Analysis data'!$F:$F,"1") -> 5 | L15: =COUNTIFS('Analysis data'!$C:$C,$A$4,'Analysis data'!$F:$F,"1",'Analysis data'!$H:$H,"male") -> 4 | M15: =COUNTIFS('Analysis data'!$C:$C,$A$4,'Analysis data'!$F:$F,"1",'Analysis data'!$H:$H,"female") -> 1 | N15: =COUNTIFS('Analysis data'!$C:$C,$A$4,'Analysis data'!$F:$F,"2") -> 2 | O15: =COUNTIFS('Analysis data'!$C:$C,$A$4,'Analysis data'!$F:$F,"2",'Analysis data'!$H:$H,"male") -> 2 | P15: =COUNTIFS('Analysis data'!$C:$C,$A$4,'Analysis data'!$F:$F,"2",'Analysis data'!$H:$H,"female") -> 0 | Q15: =COUNTIFS('Analysis data'!$C:$C,$A$4,'Analysis data'!$F:$F,">2") -> 4 | R15: =COUNTIFS('Analysis data'!$C:$C,$A$4,'Analysis data'!$F:$F,">2",'Analysis data'!$H:$H,"male") -> 4 | S15: =COUNTIFS('Analysis data'!$C:$C,$A$4,'Analysis data'!$F:$F,">2",'Analysis data'!$H:$H,"female") -> 0
A16: C | B16: =COUNTIF('Analysis data'!$C:$C,$A$5) -> 71 | C16: =COUNTIFS('Analysis data'!$C:$C,$A$5,'Analysis data'!$H:$H,"male") -> 49 | D16: =COUNTIFS('Analysis data'!$C:$C,$A$5,'Analysis data'!$H:$H,"female") -> 22 | E16: =COUNTIFS('Analysis data'!$C:$C,$A$5,'Analysis data'!$G:$G,"pass") -> 57 | F16: =COUNTIFS('Analysis data'!$C:$C,$A$5,'Analysis data'!$H:$H,"male",'Analysis data'!$G:$G,"pass") -> 38 | G16: =COUNTIFS('Analysis data'!$C:$C,$A$5,'Analysis data'!$H:$H,"female",'Analysis data'!$G:$G,"pass") -> 19 | H16: =COUNTIFS('Analysis data'!$C:$C,$A$5,'Analysis data'!$F:$F,"<>0") -> 14 | I16: =COUNTIFS('Analysis data'!$C:$C,$A$5,'Analysis data'!$F:$F,"<>0",'Analysis data'!$H:$H,"male") -> 11 | J16: =COUNTIFS('Analysis data'!$C:$C,$A$5,'Analysis data'!$F:$F,"<>0",'Analysis data'!$H:$H,"female") -> 3 | K16: =COUNTIFS('Analysis data'!$C:$C,$A$5,'Analysis data'!$F:$F,"1") -> 8 | L16: =COUNTIFS('Analysis data'!$C:$C,$A$5,'Analysis data'!$F:$F,"1",'Analysis data'!$H:$H,"male") -> 6 | M16: =COUNTIFS('Analysis data'!$C:$C,$A$5,'Analysis data'!$F:$F,"1",'Analysis data'!$H:$H,"female") -> 2 | N16: =COUNTIFS('Analysis data'!$C:$C,$A$5,'Analysis data'!$F:$F,"2") -> 1 | O16: =COUNTIFS('Analysis data'!$C:$C,$A$5,'Analysis data'!$F:$F,"2",'Analysis data'!$H:$H,"male") -> 1 | P16: =COUNTIFS('Analysis data'!$C:$C,$A$5,'Analysis data'!$F:$F,"2",'Analysis data'!$H:$H,"female") -> 0 | Q16: =COUNTIFS('Analysis data'!$C:$C,$A$5,'Analysis data'!$F:$F,">2") -> 5 | R16: =COUNTIFS('Analysis data'!$C:$C,$A$5,'Analysis data'!$F:$F,">2",'Analysis data'!$H:$H,"male") -> 4 | S16: =COUNTIFS('Analysis data'!$C:$C,$A$5,'Analysis data'!$F:$F,">2",'Analysis data'!$H:$H,"female") -> 1
A17: D | B17: =COUNTIF('Analysis data'!$C:$C,$A$6) -> 71 | C17: =COUNTIFS('Analysis data'!$C:$C,$A$6,'Analysis data'!$H:$H,"male") -> 37 | D17: =COUNTIFS('Analysis data'!$C:$C,$A$6,'Analysis data'!$H:$H,"female") -> 34 | E17: =COUNTIFS('Analysis data'!$C:$C,$A$6,'Analysis data'!$G:$G,"pass") -> 63 | F17: =COUNTIFS('Analysis data'!$C:$C,$A$6,'Analysis data'!$H:$H,"male",'Analysis data'!$G:$G,"pass") -> 31 | G17: =COUNTIFS('Analysis data'!$C:$C,$A$6,'Analysis data'!$H:$H,"female",'Analysis data'!$G:$G,"pass") -> 32 | H17: =COUNTIFS('Analysis data'!$C:$C,$A$6,'Analysis data'!$F:$F,"<>0") -> 8 | I17: =COUNTIFS('Analysis data'!$C:$C,$A$6,'Analysis data'!$F:$F,"<>0",'Analysis data'!$H:$H,"male") -> 6 | J17: =COUNTIFS('Analysis data'!$C:$C,$A$6,'Analysis data'!$F:$F,"<>0",'Analysis data'!$H:$H,"female") -> 2 | K17: =COUNTIFS('Analysis data'!$C:$C,$A$6,'Analysis data'!$F:$F,"1") -> 4 | L17: =COUNTIFS('Analysis data'!$C:$C,$A$6,'Analysis data'!$F:$F,"1",'Analysis data'!$H:$H,"male") -> 2 | M17: =COUNTIFS('Analysis data'!$C:$C,$A$6,'Analysis data'!$F:$F,"1",'Analysis data'!$H:$H,"female") -> 2 | N17: =COUNTIFS('Analysis data'!$C:$C,$A$6,'Analysis data'!$F:$F,"2") -> 1 | O17: =COUNTIFS('Analysis data'!$C:$C,$A$6,'Analysis data'!$F:$F,"2",'Analysis data'!$H:$H,"male") -> 1 | P17: =COUNTIFS('Analysis data'!$C:$C,$A$6,'Analysis data'!$F:$F,"2",'Analysis data'!$H:$H,"female") -> 0 | Q17: =COUNTIFS('Analysis data'!$C:$C,$A$6,'Analysis data'!$F:$F,">2") -> 3 | R17: =COUNTIFS('Analysis data'!$C:$C,$A$6,'Analysis data'!$F:$F,">2",'Analysis data'!$H:$H,"male") -> 3 | S17: =COUNTIFS('Analysis data'!$C:$C,$A$6,'Analysis data'!$F:$F,">2",'Analysis data'!$H:$H,"female") -> 0
A18: E | B18: =COUNTIF('Analysis data'!$C:$C,$A$7) -> 71 | C18: =COUNTIFS('Analysis data'!$C:$C,$A$7,'Analysis data'!$H:$H,"male") -> 44 | D18: =COUNTIFS('Analysis data'!$C:$C,$A$7,'Analysis data'!$H:$H,"female") -> 27 | E18: =COUNTIFS('Analysis data'!$C:$C,$A$7,'Analysis data'!$G:$G,"pass") -> 62 | F18: =COUNTIFS('Analysis data'!$C:$C,$A$7,'Analysis data'!$H:$H,"male",'Analysis data'!$G:$G,"pass") -> 36 | G18: =COUNTIFS('Analysis data'!$C:$C,$A$7,'Analysis data'!$H:$H,"female",'Analysis data'!$G:$G,"pass") -> 26 | H18: =COUNTIFS('Analysis data'!$C:$C,$A$7,'Analysis data'!$F:$F,"<>0") -> 9 | I18: =COUNTIFS('Analysis data'!$C:$C,$A$7,'Analysis data'!$F:$F,"<>0",'Analysis data'!$H:$H,"male") -> 8 | J18: =COUNTIFS('Analysis data'!$C:$C,$A$7,'Analysis data'!$F:$F,"<>0",'Analysis data'!$H:$H,"female") -> 1 | K18: =COUNTIFS('Analysis data'!$C:$C,$A$7,'Analysis data'!$F:$F,"1") -> 4 | L18: =COUNTIFS('Analysis data'!$C:$C,$A$7,'Analysis data'!$F:$F,"1",'Analysis data'!$H:$H,"male") -> 4 | M18: =COUNTIFS('Analysis data'!$C:$C,$A$7,'Analysis data'!$F:$F,"1",'Analysis data'!$H:$H,"female") -> 0 | N18: =COUNTIFS('Analysis data'!$C:$C,$A$7,'Analysis data'!$F:$F,"2") -> 0 | O18: =COUNTIFS('Analysis data'!$C:$C,$A$7,'Analysis data'!$F:$F,"2",'Analysis data'!$H:$H,"male") -> 0 | P18: =COUNTIFS('Analysis data'!$C:$C,$A$7,'Analysis data'!$F:$F,"2",'Analysis data'!$H:$H,"female") -> 0 | Q18: =COUNTIFS('Analysis data'!$C:$C,$A$7,'Analysis data'!$F:$F,">2") -> 5 | R18: =COUNTIFS('Analysis data'!$C:$C,$A$7,'Analysis data'!$F:$F,">2",'Analysis data'!$H:$H,"male") -> 4 | S18: =COUNTIFS('Analysis data'!$C:$C,$A$7,'Analysis data'!$F:$F,">2",'Analysis data'!$H:$H,"female") -> 1
B19: =SUM(B14:B18) -> 357 | C19: =SUM(C14:C18) -> 221 | D19: =SUM(D14:D18) -> 136 | E19: =SUM(E14:E18) -> 301 | F19: =SUM(F14:F18) -> 175 | G19: =SUM(G14:G18) -> 126 | H19: =SUM(H14:H18) -> 55 | I19: =SUM(I14:I18) -> 45 | ... S19: =SUM(S14:S18) -> 4
A22: Management | H22: Convenor
A23: SECTION | B23: TOTAL | C23: BOYS | D23: GIRLS | H23: SECTION | I23: TOTAL | J23: BOYS | K23: GIRLS
A24: A | B24: =COUNTIFS('Analysis data'!$C:$C,$A$3,'Analysis data'!$I:$I,$F$25) -> 19 | C24: =COUNTIFS('Analysis data'!$C:$C,$A$3,'Analysis data'!$H:$H,"male",'Analysis data'!$I:$I,$F$25) -> 14 | D24: =COUNTIFS('Analysis data'!$C:$C,$A$3,'Analysis data'!$H:$H,"female",'Analysis data'!$I:$I,$F$25) -> 5 | F24: Convener | H24: A | I24: =COUNTIFS('Analysis data'!$C:$C,$A$3,'Analysis data'!$I:$I,$F$24) -> 53 | J24: =COUNTIFS('Analysis data'!$C:$C,$A$3,'Analysis data'!$H:$H,"male",'Analysis data'!$I:$I,$F$24) -> 33 | K24: =COUNTIFS('Analysis data'!$C:$C,$A$3,'Analysis data'!$H:$H,"female",'Analysis data'!$I:$I,$F$24) -> 20
A25: B | B25: =COUNTIFS('Analysis data'!$C:$C,$A$4,'Analysis data'!$I:$I,$F$25) -> 23 | C25: =COUNTIFS('Analysis data'!$C:$C,$A$4,'Analysis data'!$H:$H,"male",'Analysis data'!$I:$I,$F$25) -> 16 | D25: =COUNTIFS('Analysis data'!$C:$C,$A$4,'Analysis data'!$H:$H,"female",'Analysis data'!$I:$I,$F$25) -> 7 | F25: Management | H25: B | I25: =COUNTIFS('Analysis data'!$C:$C,$A$4,'Analysis data'!$I:$I,$F$24) -> 48 | J25: =COUNTIFS('Analysis data'!$C:$C,$A$4,'Analysis data'!$H:$H,"male",'Analysis data'!$I:$I,$F$24) -> 27 | K25: =COUNTIFS('Analysis data'!$C:$C,$A$4,'Analysis data'!$H:$H,"female",'Analysis data'!$I:$I,$F$24) -> 21
A26: C | B26: =COUNTIFS('Analysis data'!$C:$C,$A$5,'Analysis data'!$I:$I,$F$25) -> 22 | C26: =COUNTIFS('Analysis data'!$C:$C,$A$5,'Analysis data'!$H:$H,"male",'Analysis data'!$I:$I,$F$25) -> 15 | D26: =COUNTIFS('Analysis data'!$C:$C,$A$5,'Analysis data'!$H:$H,"female",'Analysis data'!$I:$I,$F$25) -> 7 | H26: C | I26: =COUNTIFS('Analysis data'!$C:$C,$A$5,'Analysis data'!$I:$I,$F$24) -> 49 | J26: =COUNTIFS('Analysis data'!$C:$C,$A$5,'Analysis data'!$H:$H,"male",'Analysis data'!$I:$I,$F$24) -> 34 | K26: =COUNTIFS('Analysis data'!$C:$C,$A$5,'Analysis data'!$H:$H,"female",'Analysis data'!$I:$I,$F$24) -> 15
A27: D | B27: =COUNTIFS('Analysis data'!$C:$C,$A$6,'Analysis data'!$I:$I,$F$25) -> 19 | C27: =COUNTIFS('Analysis data'!$C:$C,$A$6,'Analysis data'!$H:$H,"male",'Analysis data'!$I:$I,$F$25) -> 8 | D27: =COUNTIFS('Analysis data'!$C:$C,$A$6,'Analysis data'!$H:$H,"female",'Analysis data'!$I:$I,$F$25) -> 11 | H27: D | I27: =COUNTIFS('Analysis data'!$C:$C,$A$6,'Analysis data'!$I:$I,$F$24) -> 52 | J27: =COUNTIFS('Analysis data'!$C:$C,$A$6,'Analysis data'!$H:$H,"male",'Analysis data'!$I:$I,$F$24) -> 29 | K27: =COUNTIFS('Analysis data'!$C:$C,$A$6,'Analysis data'!$H:$H,"female",'Analysis data'!$I:$I,$F$24) -> 23
A28: E | B28: =COUNTIFS('Analysis data'!$C:$C,$A$7,'Analysis data'!$I:$I,$F$25) -> 15 | C28: =COUNTIFS('Analysis data'!$C:$C,$A$7,'Analysis data'!$H:$H,"male",'Analysis data'!$I:$I,$F$25) -> 12 | D28: =COUNTIFS('Analysis data'!$C:$C,$A$7,'Analysis data'!$H:$H,"female",'Analysis data'!$I:$I,$F$25) -> 3 | H28: E | I28: =COUNTIFS('Analysis data'!$C:$C,$A$7,'Analysis data'!$I:$I,$F$24) -> 55 | J28: =COUNTIFS('Analysis data'!$C:$C,$A$7,'Analysis data'!$H:$H,"male",'Analysis data'!$I:$I,$F$24) -> 31 | K28: =COUNTIFS('Analysis data'!$C:$C,$A$7,'Analysis data'!$H:$H,"female",'Analysis data'!$I:$I,$F$24) -> 24
B29: =SUM(B24:B28) -> 98 | C29: =SUM(C24:C28) -> 65 | D29: =SUM(D24:D28) -> 33 | I29: =SUM(I24:I28) -> 257 | J29: =SUM(J24:J28) -> 154 | K29: =SUM(K24:K28) -> 103
A31: SECTION | B31: ELIGIBLE | C31: BOYS | D31: GIRLS | H31: SECTION | I31: ELIGIBLE | J31: BOYS | K31: GIRLS
A32: A | B32: =COUNTIFS('Analysis data'!$C:$C,$A$3,'Analysis data'!$G:$G,"pass",'Analysis data'!$I:$I,$F$25) -> 12 | C32: =COUNTIFS('Analysis data'!$C:$C,$A$3,'Analysis data'!$H:$H,"male",'Analysis data'!$G:$G,"pass",'Analysis data'!$I:$I,$F$25) -> 9 | D32: =COUNTIFS('Analysis data'!$C:$C,$A$3,'Analysis data'!$H:$H,"female",'Analysis data'!$G:$G,"pass",'Analysis data'!$I:$I,$F$25) -> 3 | H32: A | I32: =COUNTIFS('Analysis data'!$C:$C,$A$3,'Analysis data'!$G:$G,"pass",'Analysis data'!$I:$I,$F$24) -> 47 | J32: =COUNTIFS('Analysis data'!$C:$C,$A$3,'Analysis data'!$H:$H,"male",'Analysis data'!$G:$G,"pass",'Analysis data'!$I:$I,$F$24) -> 28 | K32: =COUNTIFS('Analysis data'!$C:$C,$A$3,'Analysis data'!$H:$H,"female",'Analysis data'!$G:$G,"pass",'Analysis data'!$I:$I,$F$24) -> 19
A33: B | B33: =COUNTIFS('Analysis data'!$C:$C,$A$4,'Analysis data'!$G:$G,"pass",'Analysis data'!$I:$I,$F$25) -> 19 | C33: =COUNTIFS('Analysis data'!$C:$C,$A$4,'Analysis data'!$H:$H,"male",'Analysis data'!$G:$G,"pass",'Analysis data'!$I:$I,$F$25) -> 12 | D33: =COUNTIFS('Analysis data'!$C:$C,$A$4,'Analysis data'!$H:$H,"female",'Analysis data'!$G:$G,"pass",'Analysis data'!$I:$I,$F$25) -> 7 | H33: B | I33: =COUNTIFS('Analysis data'!$C:$C,$A$4,'Analysis data'!$G:$G,"pass",'Analysis data'!$I:$I,$F$24) -> 40 | J33: =COUNTIFS('Analysis data'!$C:$C,$A$4,'Analysis data'!$H:$H,"male",'Analysis data'!$G:$G,"pass",'Analysis data'!$I:$I,$F$24) -> 20 | K33: =COUNTIFS('Analysis data'!$C:$C,$A$4,'Analysis data'!$H:$H,"female",'Analysis data'!$G:$G,"pass",'Analysis data'!$I:$I,$F$24) -> 20
A34: C | B34: =COUNTIFS('Analysis data'!$C:$C,$A$5,'Analysis data'!$G:$G,"pass",'Analysis data'!$I:$I,$F$25) -> 17 | C34: =COUNTIFS('Analysis data'!$C:$C,$A$5,'Analysis data'!$H:$H,"male",'Analysis data'!$G:$G,"pass",'Analysis data'!$I:$I,$F$25) -> 11 | D34: =COUNTIFS('Analysis data'!$C:$C,$A$5,'Analysis data'!$H:$H,"female",'Analysis data'!$G:$G,"pass",'Analysis data'!$I:$I,$F$25) -> 6 | H34: C | I34: =COUNTIFS('Analysis data'!$C:$C,$A$5,'Analysis data'!$G:$G,"pass",'Analysis data'!$I:$I,$F$24) -> 40 | J34: =COUNTIFS('Analysis data'!$C:$C,$A$5,'Analysis data'!$H:$H,"male",'Analysis data'!$G:$G,"pass",'Analysis data'!$I:$I,$F$24) -> 27 | K34: =COUNTIFS('Analysis data'!$C:$C,$A$5,'Analysis data'!$H:$H,"female",'Analysis data'!$G:$G,"pass",'Analysis data'!$I:$I,$F$24) -> 13
A35: D | B35: =COUNTIFS('Analysis data'!$C:$C,$A$6,'Analysis data'!$G:$G,"pass",'Analysis data'!$I:$I,$F$25) -> 18 | C35: =COUNTIFS('Analysis data'!$C:$C,$A$6,'Analysis data'!$H:$H,"male",'Analysis data'!$G:$G,"pass",'Analysis data'!$I:$I,$F$25) -> 8 | D35: =COUNTIFS('Analysis data'!$C:$C,$A$6,'Analysis data'!$H:$H,"female",'Analysis data'!$G:$G,"pass",'Analysis data'!$I:$I,$F$25) -> 10 | H35: D | I35: =COUNTIFS('Analysis data'!$C:$C,$A$6,'Analysis data'!$G:$G,"pass",'Analysis data'!$I:$I,$F$24) -> 45 | J35: =COUNTIFS('Analysis data'!$C:$C,$A$6,'Analysis data'!$H:$H,"male",'Analysis data'!$G:$G,"pass",'Analysis data'!$I:$I,$F$24) -> 23 | K35: =COUNTIFS('Analysis data'!$C:$C,$A$6,'Analysis data'!$H:$H,"female",'Analysis data'!$G:$G,"pass",'Analysis data'!$I:$I,$F$24) -> 22
A36: E | B36: =COUNTIFS('Analysis data'!$C:$C,$A$7,'Analysis data'!$G:$G,"pass",'Analysis data'!$I:$I,$F$25) -> 12 | C36: =COUNTIFS('Analysis data'!$C:$C,$A$7,'Analysis data'!$H:$H,"male",'Analysis data'!$G:$G,"pass",'Analysis data'!$I:$I,$F$25) -> 9 | D36: =COUNTIFS('Analysis data'!$C:$C,$A$7,'Analysis data'!$H:$H,"female",'Analysis data'!$G:$G,"pass",'Analysis data'!$I:$I,$F$25) -> 3 | H36: E | I36: =COUNTIFS('Analysis data'!$C:$C,$A$7,'Analysis data'!$G:$G,"pass",'Analysis data'!$I:$I,$F$24) -> 49 | J36: =COUNTIFS('Analysis data'!$C:$C,$A$7,'Analysis data'!$H:$H,"male",'Analysis data'!$G:$G,"pass",'Analysis data'!$I:$I,$F$24) -> 26 | K36: =COUNTIFS('Analysis data'!$C:$C,$A$7,'Analysis data'!$H:$H,"female",'Analysis data'!$G:$G,"pass",'Analysis data'!$I:$I,$F$24) -> 23
B37: =SUM(B32:B36) -> 78 | C37: =SUM(C32:C36) -> 49 | D37: =SUM(D32:D36) -> 29 | I37: =SUM(I32:I36) -> 221 | J37: =SUM(J32:J36) -> 124 | K37: =SUM(K32:K36) -> 97
A40: SECTION | B40: PLACED UNIQUE | C40: BOYS | D40: GIRLS | H40: SECTION | I40: PLACED UNIQUE | J40: BOYS | K40: GIRLS
A41: A | B41: =COUNTIFS('Analysis data'!$C:$C,$A$3,'Analysis data'!$L:$L,"<>0",'Analysis data'!$I:$I,$F$25) -> 12 | C41: =COUNTIFS('Analysis data'!$C:$C,$A$3,'Analysis data'!$L:$L,"<>0",'Analysis data'!$H:$H,"male",'Analysis data'!$I:$I,$F$25) -> 10 | D41: =COUNTIFS('Analysis data'!$C:$C,$A$3,'Analysis data'!$L:$L,"<>0",'Analysis data'!$H:$H,"FEmale",'Analysis data'!$I:$I,$F$25) -> 2 | H41: A | I41: =COUNTIFS('Analysis data'!$C:$C,$A$3,'Analysis data'!$L:$L,"<>0",'Analysis data'!$I:$I,$F$24) -> 41 | J41: =COUNTIFS('Analysis data'!$C:$C,$A$3,'Analysis data'!$L:$L,"<>0",'Analysis data'!$H:$H,"male",'Analysis data'!$I:$I,$F$24) -> 26 | K41: =COUNTIFS('Analysis data'!$C:$C,$A$3,'Analysis data'!$L:$L,"<>0",'Analysis data'!$H:$H,"FEmale",'Analysis data'!$I:$I,$F$24) -> 15
A42: B | B42: =COUNTIFS('Analysis data'!$C:$C,$A$4,'Analysis data'!$L:$L,"<>0",'Analysis data'!$I:$I,$F$25) -> 16 | C42: =COUNTIFS('Analysis data'!$C:$C,$A$4,'Analysis data'!$L:$L,"<>0",'Analysis data'!$H:$H,"male",'Analysis data'!$I:$I,$F$25) -> 10 | D42: =COUNTIFS('Analysis data'!$C:$C,$A$4,'Analysis data'!$L:$L,"<>0",'Analysis data'!$H:$H,"FEmale",'Analysis data'!$I:$I,$F$25) -> 6 | H42: B | I42: =COUNTIFS('Analysis data'!$C:$C,$A$4,'Analysis data'!$L:$L,"<>0",'Analysis data'!$I:$I,$F$24) -> 34 | J42: =COUNTIFS('Analysis data'!$C:$C,$A$4,'Analysis data'!$L:$L,"<>0",'Analysis data'!$H:$H,"male",'Analysis data'!$I:$I,$F$24) -> 19 | K42: =COUNTIFS('Analysis data'!$C:$C,$A$4,'Analysis data'!$L:$L,"<>0",'Analysis data'!$H:$H,"FEmale",'Analysis data'!$I:$I,$F$24) -> 15
A43: C | B43: =COUNTIFS('Analysis data'!$C:$C,$A$5,'Analysis data'!$L:$L,"<>0",'Analysis data'!$I:$I,$F$25) -> 15 | C43: =COUNTIFS('Analysis data'!$C:$C,$A$5,'Analysis data'!$L:$L,"<>0",'Analysis data'!$H:$H,"male",'Analysis data'!$I:$I,$F$25) -> 9 | D43: =COUNTIFS('Analysis data'!$C:$C,$A$5,'Analysis data'!$L:$L,"<>0",'Analysis data'!$H:$H,"FEmale",'Analysis data'!$I:$I,$F$25) -> 6 | H43: C | I43: =COUNTIFS('Analysis data'!$C:$C,$A$5,'Analysis data'!$L:$L,"<>0",'Analysis data'!$I:$I,$F$24) -> 39 | J43: =COUNTIFS('Analysis data'!$C:$C,$A$5,'Analysis data'!$L:$L,"<>0",'Analysis data'!$H:$H,"male",'Analysis data'!$I:$I,$F$24) -> 27 | K43: =COUNTIFS('Analysis data'!$C:$C,$A$5,'Analysis data'!$L:$L,"<>0",'Analysis data'!$H:$H,"FEmale",'Analysis data'!$I:$I,$F$24) -> 12
A44: D | B44: =COUNTIFS('Analysis data'!$C:$C,$A$6,'Analysis data'!$L:$L,"<>0",'Analysis data'!$I:$I,$F$25) -> 13 | C44: =COUNTIFS('Analysis data'!$C:$C,$A$6,'Analysis data'!$L:$L,"<>0",'Analysis data'!$H:$H,"male",'Analysis data'!$I:$I,$F$25) -> 6 | D44: =COUNTIFS('Analysis data'!$C:$C,$A$6,'Analysis data'!$L:$L,"<>0",'Analysis data'!$H:$H,"FEmale",'Analysis data'!$I:$I,$F$25) -> 7 | H44: D | I44: =COUNTIFS('Analysis data'!$C:$C,$A$6,'Analysis data'!$L:$L,"<>0",'Analysis data'!$I:$I,$F$24) -> 36 | J44: =COUNTIFS('Analysis data'!$C:$C,$A$6,'Analysis data'!$L:$L,"<>0",'Analysis data'!$H:$H,"male",'Analysis data'!$I:$I,$F$24) -> 17 | K44: =COUNTIFS('Analysis data'!$C:$C,$A$6,'Analysis data'!$L:$L,"<>0",'Analysis data'!$H:$H,"FEmale",'Analysis data'!$I:$I,$F$24) -> 19
A45: E | B45: =COUNTIFS('Analysis data'!$C:$C,$A$7,'Analysis data'!$L:$L,"<>0",'Analysis data'!$I:$I,$F$25) -> 12 | C45: =COUNTIFS('Analysis data'!$C:$C,$A$7,'Analysis data'!$L:$L,"<>0",'Analysis data'!$H:$H,"male",'Analysis data'!$I:$I,$F$25) -> 9 | D45: =COUNTIFS('Analysis data'!$C:$C,$A$7,'Analysis data'!$L:$L,"<>0",'Analysis data'!$H:$H,"FEmale",'Analysis data'!$I:$I,$F$25) -> 3 | H45: E | I45: =COUNTIFS('Analysis data'!$C:$C,$A$7,'Analysis data'!$L:$L,"<>0",'Analysis data'!$I:$I,$F$24) -> 40 | J45: =COUNTIFS('Analysis data'!$C:$C,$A$7,'Analysis data'!$L:$L,"<>0",'Analysis data'!$H:$H,"male",'Analysis data'!$I:$I,$F$24) -> 21 | K45: =COUNTIFS('Analysis data'!$C:$C,$A$7,'Analysis data'!$L:$L,"<>0",'Analysis data'!$H:$H,"FEmale",'Analysis data'!$I:$I,$F$24) -> 19
B46: =SUM(B41:B45) -> 68 | C46: =SUM(C41:C45) -> 44 | D46: =SUM(D41:D45) -> 24 | I46: =SUM(I41:I45) -> 190 | J46: =SUM(J41:J45) -> 110 | K46: =SUM(K41:K45) -> 80
A52: SECTION | B52: TOTAL STUDENTS HAVING 9 CGPA | C52: PLACED | D52: UNPLACED
A53: A | B53: =COUNTIFS('Analysis data'!$C:$C,A53,'Analysis data'!$E:$E,">=9") -> 6 | C53: =COUNTIFS('Analysis data'!$C:$C,A53,'Analysis data'!$E:$E,">=9",'Analysis data'!$L:$L,"<>0") -> 6 | D53: =COUNTIFS('Analysis data'!$C:$C,A53,'Analysis data'!$E:$E,">=9",'Analysis data'!$L:$L,"=0") -> 0
A54: B | B54: =COUNTIFS('Analysis data'!$C:$C,A54,'Analysis data'!$E:$E,">=9") -> 15 | C54: =COUNTIFS('Analysis data'!$C:$C,A54,'Analysis data'!$E:$E,">=9",'Analysis data'!$L:$L,"<>0") -> 13 | D54: =COUNTIFS('Analysis data'!$C:$C,A54,'Analysis data'!$E:$E,">=9",'Analysis data'!$L:$L,"=0") -> 2
A55: C | B55: =COUNTIFS('Analysis data'!$C:$C,A55,'Analysis data'!$E:$E,">=9") -> 3 | C55: =COUNTIFS('Analysis data'!$C:$C,A55,'Analysis data'!$E:$E,">=9",'Analysis data'!$L:$L,"<>0") -> 3 | D55: =COUNTIFS('Analysis data'!$C:$C,A55,'Analysis data'!$E:$E,">=9",'Analysis data'!$L:$L,"=0") -> 0
A56: D | B56: =COUNTIFS('Analysis data'!$C:$C,A56,'Analysis data'!$E:$E,">=9") -> 6 | C56: =COUNTIFS('Analysis data'!$C:$C,A56,'Analysis data'!$E:$E,">=9",'Analysis data'!$L:$L,"<>0") -> 6 | D56: =COUNTIFS('Analysis data'!$C:$C,A56,'Analysis data'!$E:$E,">=9",'Analysis data'!$L:$L,"=0") -> 0
A57: E | B57: =COUNTIFS('Analysis data'!$C:$C,A57,'Analysis data'!$E:$E,">=9") -> 7 | C57: =COUNTIFS('Analysis data'!$C:$C,A57,'Analysis data'!$E:$E,">=9",'Analysis data'!$L:$L,"<>0") -> 7 | D57: =COUNTIFS('Analysis data'!$C:$C,A57,'Analysis data'!$E:$E,">=9",'Analysis data'!$L:$L,"=0") -> 0
B58: =SUM(B53:B57) -> 37 | C58: =SUM(C53:C57) -> 35 | D58: =SUM(D53:D57) -> 2

Sheet Analysis data
A1: Sl. No. | B1: RollNo | C1: Section | D1: Name | E1: CGPA | F1: X | G1: Pass/Fail | H1: Gender | I1: Seat type | J1: Internships | K1: Jobs | L1: Total offers | Q1: Jobs
A2: 1 | B2: 21211A0501 | C2: A | D2: A HRISHIKESH | E2: 8.71 | F2: 0 | G2: =IF(E2>0,"PASS","FAIL") -> PASS | H2: Male | I2: Convener | J2: 0 | K2: TECH MAHINDRA & ASSET10 SOFTWARE | L2: 2 | M2: =IFERROR(__xludf.DUMMYFUNCTION("VLOOKUP(B2,IMPORTRANGE(""1CGZ0Bai7Upqd4o8ih3likiFIYVFcX2B2CZFasZGKRII"",""Refined according to Results!B:J""),9,FALSE)"),8.92) -> 8.92 | O2: =IF(AND(M2=0,N2=0),0,1) -> 1 | Q2: TECH MAHINDRA | W2: {=UNIQUE(Q2:Q358)} -> TECH MAHINDRA | Y2: {=UNIQUE(W:W)}
A3: 2 | B3: 21211A0502 | C3: A | D3: A RAGHAVENDRA | E3: 7.92 | F3: 0 | G3: =IF(E3>0,"PASS","FAIL") -> PASS | H3: Male | I3: Convener | J3: 0 | K3: TECH MAHINDRA & LTI MINDTREE & COGNIZANT-GENC & OPENTEXT | L3: 4 | M3: =IFERROR(__xludf.DUMMYFUNCTION("VLOOKUP(B3,IMPORTRANGE(""1CGZ0Bai7Upqd4o8ih3likiFIYVFcX2B2CZFasZGKRII"",""Refined according to Results!B:J""),9,FALSE)"),7.92) -> 7.92 | Q3: TECH MAHINDRA | W3: Accenture ASE | Y3: TECH MAHINDRA
A4: 3 | B4: 21211A0503 | C4: A | D4: ABBARABOINA SHIVA KUMAR | E4: 8.59 | F4: 0 | G4: =IF(E4>0,"PASS","FAIL") -> PASS | H4: Male | I4: Convener | J4: 0 | K4: Accenture ASE | L4: 1 | M4: =IFERROR(__xludf.DUMMYFUNCTION("VLOOKUP(B4,IMPORTRANGE(""1CGZ0Bai7Upqd4o8ih3likiFIYVFcX2B2CZFasZGKRII"",""Refined according to Results!B:J""),9,FALSE)"),8.71) -> 8.71 | Q4: Accenture ASE | W4: 0 | Y4: Accenture ASE
A5: 4 | B5: 21211A0504 | C5: A | D5: ABHINAV VARMA VEGESNA | F5: 2 | G5: =IF(E5>0,"PASS","FAIL") -> FAIL | H5: Male | I5: Management | J5: 0 | L5: =LEN(H5)-LEN(SUBSTITUTE(H5," & "," ")) -> 0 | M5: =IFERROR(__xludf.DUMMYFUNCTION("VLOOKUP(B5,IMPORTRANGE(""1CGZ0Bai7Upqd4o8ih3likiFIYVFcX2B2CZFasZGKRII"",""Refined according to Results!B:J""),9,FALSE)"),"") | Q5: 0 | W5: MODAK | Y5: 0
A6: 5 | B6: 21211A0505 | C6: A | D6: ACHAMPETA SONALI | E6: 9.01 | F6: 0 | G6: =IF(E6>0,"PASS","FAIL") -> PASS | H6: Female | I6: Convener | J6: DBS | K6: Accenture ASE & TECH MAHINDRA | L6: 2 | M6: =IFERROR(__xludf.DUMMYFUNCTION("VLOOKUP(B6,IMPORTRANGE(""1CGZ0Bai7Upqd4o8ih3likiFIYVFcX2B2CZFasZGKRII"",""Refined according to Results!B:J""),9,FALSE)"),9.1) -> 9.1 | Q6: Accenture ASE | R6: TECH MAHINDRA | W6: LTI Mindtree | Y6: MODAK
A7: 6 | B7: 21211A0506 | C7: A | D7: ADANGI SADHWIK | E7: 8.17 | F7: 0 | G7: =IF(E7>0,"PASS","FAIL") -> PASS | H7: Male | I7: Convener | J7: 0 | K7: Accenture ASE & TECH MAHINDRA | L7: 2 | M7: =IFERROR(__xludf.DUMMYFUNCTION("VLOOKUP(B7,IMPORTRANGE(""1CGZ0Bai7Upqd4o8ih3likiFIYVFcX2B2CZFasZGKRII"",""Refined according to Results!B:J""),9,FALSE)"),8.4) -> 8.4 | Q7: Accenture ASE | R7: TECH MAHINDRA | W7: KPIT | Y7: LTI Mindtree
A8: 7 | B8: 21211A0507 | C8: A | D8: ADEPU SAI RAHUL | E8: 8.99 | F8: 0 | G8: =IF(E8>0,"PASS","FAIL") -> PASS | H8: Male | I8: Convener | J8: 0 | K8: Accenture ASE | L8: 1 | M8: =IFERROR(__xludf.DUMMYFUNCTION("VLOOKUP(B8,IMPORTRANGE(""1CGZ0Bai7Upqd4o8ih3likiFIYVFcX2B2CZFasZGKRII"",""Refined according to Results!B:J""),9,FALSE)"),9.37) -> 9.37 | Q8: Accenture ASE | W8: FRUGAL TESTING | Y8: KPIT
A9: 8 | B9: 21211A0508 | C9: A | D9: ADHAM AKASH | E9: 6.94 | F9: 0 | G9: =IF(E9>0,"PASS","FAIL") -> PASS | H9: Male | I9: Convener | J9: 0 | L9: =LEN(H9)-LEN(SUBSTITUTE(H9," & "," ")) -> 0 | M9: =IFERROR(__xludf.DUMMYFUNCTION("VLOOKUP(B9,IMPORTRANGE(""1CGZ0Bai7Upqd4o8ih3likiFIYVFcX2B2CZFasZGKRII"",""Refined according to Results!B:J""),9,FALSE)"),7.24) -> 7.24 | Q9: 0 | W9: Accenture ADV ASE | Y9: FRUGAL TESTING
A10: 9 | B10: 21211A0509 | C10: A | D10: ADIYALA MADHUMITHA | E10: 8.69 | F10: 0 | G10: =IF(E10>0,"PASS","FAIL") -> PASS | H10: Female | I10: Convener | J10: 0 | L10: =LEN(H10)-LEN(SUBSTITUTE(H10," & "," ")) -> 0 | M10: =IFERROR(__xludf.DUMMYFUNCTION("VLOOKUP(B10,IMPORTRANGE(""1CGZ0Bai7Upqd4o8ih3likiFIYVFcX2B2CZFasZGKRII"",""Refined according to Results!B:J""),9,FALSE)"),8.56) -> 8.56 | Q10: 0 | W10: STATESTREET | Y10: Accenture ADV ASE
A11: 10 | B11: 21211A0510 | C11: A | D11: AGNESH KUNDU | E11: 9.22 | F11: 0 | G11: =IF(E11>0,"PASS","FAIL") -> PASS | H11: Male | I11: Convener | J11: 0 | K11: MODAK & OPTUM & RNTBCI | L11: 3 | M11: =IFERROR(__xludf.DUMMYFUNCTION("VLOOKUP(B11,IMPORTRANGE(""1CGZ0Bai7Upqd4o8ih3likiFIYVFcX2B2CZFasZGKRII"",""Refined according to Results!B:J""),9,FALSE)"),9.35) -> 9.35 | Q11: MODAK | R11: OPTUM | W11: BIGWORKS | Y11: STATESTREET
A12: 11 | B12: 21211A0511 | C12: A | D12: AILENI SREETHIKESH REDDY | F12: 1 | G12: =IF(E12>0,"PASS","FAIL") -> FAIL | H12: Male | I12: Management | J12: 0 | K12: TECH MAHINDRA & CORIZO-BDA | L12: 2 | M12: =IFERROR(__xludf.DUMMYFUNCTION("VLOOKUP(B12,IMPORTRANGE(""1CGZ0Bai7Upqd4o8ih3likiFIYVFcX2B2CZFasZGKRII"",""Refined according to Results!B:J""),9,FALSE)"),"") | Q12: TECH MAHINDRA | W12: OPTUM | Y12: BIGWORKS
A13: 12 | B13: 21211A0512 | C13: A | D13: AILINENI VEDA SRI | E13: 8.43 | F13: 0 | G13: =IF(E13>0,"PASS","FAIL") -> PASS | H13: Female | I13: Convener | J13: 0 | K13: Accenture ASE & OPTUM & LTI MINDTREE | L13: 3 | M13: =IFERROR(__xludf.DUMMYFUNCTION("VLOOKUP(B13,IMPORTRANGE(""1CGZ0Bai7Upqd4o8ih3likiFIYVFcX2B2CZFasZGKRII"",""Refined according to Results!B:J""),9,FALSE)"),8.6) -> 8.6 | Q13: Accenture ASE | R13: OPTUM | S13: LTI Mindtree | W13: VERISK-1 | Y13: OPTUM
A14: 13 | B14: 21211A0513 | C14: A | D14: AJMEERA SINDHUJA | E14: 7.78 | F14: 0 | G14: =IF(E14>0,"PASS","FAIL") -> PASS | H14: Female | I14: Convener | J14: 0 | K14: SEOAK | L14: 1 | M14: =IFERROR(__xludf.DUMMYFUNCTION("VLOOKUP(B14,IMPORTRANGE(""1CGZ0Bai7Upqd4o8ih3likiFIYVFcX2B2CZFasZGKRII"",""Refined according to Results!B:J""),9,FALSE)"),7.69) -> 7.69 | Q14: 0 | W14: INFOSYS-HWI | Y14: VERISK-1
A15: 14 | B15: 21211A0514 | C15: A | D15: AKULA VYSHNAVI | E15: 8.04 | F15: 0 | G15: =IF(E15>0,"PASS","FAIL") -> PASS | H15: Female | I15: Convener | J15: 0 | K15: SEOAK | L15: 1 | M15: =IFERROR(__xludf.DUMMYFUNCTION("VLOOKUP(B15,IMPORTRANGE(""1CGZ0Bai7Upqd4o8ih3likiFIYVFcX2B2CZFasZGKRII"",""Refined according to Results!B:J""),9,FALSE)"),7.94) -> 7.94 | Q15: 0 | W15: VIAPLUS | Y15: INFOSYS-HWI
A16: 15 | B16: 21211A0515 | C16: A | D16: AMAND SRI SIDDHARTHA | E16: 8.47 | F16: 0 | G16: =IF(E16>0,"PASS","FAIL") -> PASS | H16: Male | I16: Convener | J16: HEXAGONE & Realpage | K16: Accenture ASE & TECH MAHINDRA & LTI MINDTREE & REALPAGE1 | L16: 4 | M16: =IFERROR(__xludf.DUMMYFUNCTION("VLOOKUP(B16,IMPORTRANGE(""1CGZ0Bai7Upqd4o8ih3likiFIYVFcX2B2CZFasZGKRII"",""Refined according to Results!B:J""),9,FALSE)"),8.62) -> 8.62 | Q16: Accenture ASE | R16: TECH MAHINDRA | S16: LTI Mindtree | W16: SOTI | Y16: VIAPLUS
A17: 16 | B17: 21211A0516 | C17: A | D17: AMBATI SAHITHI | E17: 8.79 | F17: 0 | G17: =IF(E17>0,"PASS","FAIL") -> PASS | H17: Female | I17: Management | J17: 0 | K17: Accenture ASE & TECH MAHINDRA & OPTUM & RNTBCI | L17: 4 | M17: =IFERROR(__xludf.DUMMYFUNCTION("VLOOKUP(B17,IMPORTRANGE(""1CGZ0Bai7Upqd4o8ih3likiFIYVFcX2B2CZFasZGKRII"",""Refined according to Results!B:J""),9,FALSE)"),8.79) -> 8.79 | Q17: Accenture ASE | R17: TECH MAHINDRA | S17: OPTUM | W17: BANK OF AMERICA | Y17: SOTI
A18: 17 | B18: 21211A0517 | C18: A | D18: MAHTO | E18: 8.78 | F18: 0 | G18: =IF(E18>0,"PASS","FAIL") -> PASS | H18: Female | I18: Convener | J18: 0 | K18: Accenture ASE | L18: 1 | M18: =IFERROR(__xludf.DUMMYFUNCTION("VLOOKUP(B18,IMPORTRANGE(""1CGZ0Bai7Upqd4o8ih3likiFIYVFcX2B2CZFasZGKRII"",""Refined according to Results!B:J""),9,FALSE)"),8.54) -> 8.54 | Q18: Accenture ASE | W18: INFOSYS-1 | Y18: BANK OF AMERICA
A19: 18 | B19: 21211A0518 | C19: A | D19: ANNAPUREDDY ARUN KUMAR REDDY | F19: 1 | G19: =IF(E19>0,"PASS","FAIL") -> FAIL | H19: Male | I19: Convener | J19: 0 | L19: =LEN(H19)-LEN(SUBSTITUTE(H19," & "," ")) -> 0 | M19: =IFERROR(__xludf.DUMMYFUNCTION("VLOOKUP(B19,IMPORTRANGE(""1CGZ0Bai7Upqd4o8ih3likiFIYVFcX2B2CZFasZGKRII"",""Refined according to Results!B:J""),9,FALSE)"),6.45) -> 6.45 | Q19: 0 | W19: {=UNIQUE(R6:R358)} -> TECH MAHINDRA | Y19: INFOSYS-1
A20: 19 | B20: 21211A0519 | C20: A | D20: ANTHAREDDY TANVI REDDY | F20: 1 | G20: =IF(E20>0,"PASS","FAIL") -> FAIL | H20: Female | I20: Management | J20: 0 | L20: =LEN(H20)-LEN(SUBSTITUTE(H20," & "," ")) -> 0 | M20: =IFERROR(__xludf.DUMMYFUNCTION("VLOOKUP(B20,IMPORTRANGE(""1CGZ0Bai7Upqd4o8ih3likiFIYVFcX2B2CZFasZGKRII"",""Refined according to Results!B:J""),9,FALSE)"),8.12) -> 8.12 | Q20: 0 | Y20: PORTER-SDE1
A21: 20 | B21: 21211A0520 | C21: A | D21: AREPUDI VINAY KUMAR | E21: 8.41 | F21: 0 | G21: =IF(E21>0,"PASS","FAIL") -> PASS | H21: Male | I21: Convener | J21: 0 | K21: MRF | L21: 1 | M21: =IFERROR(__xludf.DUMMYFUNCTION("VLOOKUP(B21,IMPORTRANGE(""1CGZ0Bai7Upqd4o8ih3likiFIYVFcX2B2CZFasZGKRII"",""Refined according to Results!B:J""),9,FALSE)"),8.31) -> 8.31 | Q21: 0 | W21: OPTUM | Y21: PORTER-SDE-TEST
A22: 21 | B22: 21211A0521 | C22: A | D22: ASOORI MURALI KRISHNA | E22: 8.42 | F22: 0 | G22: =IF(E22>0,"PASS","FAIL") -> PASS | H22: Male | I22: Management | J22: 0 | K22: TECH MAHINDRA & VEEVA-SQL | L22: 2 | M22: =IFERROR(__xludf.DUMMYFUNCTION("VLOOKUP(B22,IMPORTRANGE(""1CGZ0Bai7Upqd4o8ih3likiFIYVFcX2B2CZFasZGKRII"",""Refined according to Results!B:J""),9,FALSE)"),8.6) -> 8.6 | Q22: TECH MAHINDRA | W22: Accenture ASE | Y22: FACTSET
A23: 22 | B23: 21211A0522 | C23: A | D23: ABBARAJU VENKATA NAGA SAI KARTIK | E23: 8.15 | F23: 0 | G23: =IF(E23>0,"PASS","FAIL") -> PASS | H23: Male | I23: Management | J23: 0 | K23: LTI MINDTREE & INFOSYS-SE | L23: 2 | M23: =IFERROR(__xludf.DUMMYFUNCTION("VLOOKUP(B23,IMPORTRANGE(""1CGZ0Bai7Upqd4o8ih3likiFIYVFcX2B2CZFasZGKRII"",""Refined according to Results!B:J""),9,FALSE)"),7.97) -> 7.97 | Q23: LTI Mindtree | W23: LTI Mindtree
A24: 23 | B24: 21211A0523 | C24: A | D24: AVULA THARUN | E24: 9.16 | F24: 0 | G24: =IF(E24>0,"PASS","FAIL") -> PASS | H24: Male | I24: Convener | J24: 0 | K24: Accenture ASE & INFOSYS1-SE | L24: 2 | M24: =IFERROR(__xludf.DUMMYFUNCTION("VLOOKUP(B24,IMPORTRANGE(""1CGZ0Bai7Upqd4o8ih3likiFIYVFcX2B2CZFasZGKRII"",""Refined according to Results!B:J""),9,FALSE)"),9.42) -> 9.42 | Q24: Accenture ASE | W24: INFOSYS-1
A25: 24 | B25: 21211A0524 | C25: A | D25: BADAVATHKRISHNAVENI | F25: 3 | G25: =IF(E25>0,"PASS","FAIL") -> FAIL | H25: Female | I25: Convener | J25: 0 | L25: =LEN(H25)-LEN(SUBSTITUTE(H25," & "," ")) -> 0 | M25: =IFERROR(__xludf.DUMMYFUNCTION("VLOOKUP(B25,IMPORTRANGE(""1CGZ0Bai7Upqd4o8ih3likiFIYVFcX2B2CZFasZGKRII"",""Refined according to Results!B:J""),9,FALSE)"),"") | Q25: 0 | W25: KPIT
A26: 25 | B26: 21211A0525 | C26: A | D26: BALAVARI VANESSA THANMAYI | E26: 8.58 | F26: 0 | G26: =IF(E26>0,"PASS","FAIL") -> PASS | H26: Female | I26: Convener | J26: 0 | K26: Accenture ASE & TECH MAHINDRA & CAPGEMINI-ANALYST | L26: 3 | M26: =IFERROR(__xludf.DUMMYFUNCTION("VLOOKUP(B26,IMPORTRANGE(""1CGZ0Bai7Upqd4o8ih3likiFIYVFcX2B2CZFasZGKRII"",""Refined according to Results!B:J""),9,FALSE)"),8.73) -> 8.73 | Q26: Accenture ASE | R26: TECH MAHINDRA | W26: BANK OF AMERICA
A27: 26 | B27: 21211A0526 | C27: A | D27: BANDANADAM PRANAYA | E27: 8.65 | F27: 0 | G27: =IF(E27>0,"PASS","FAIL") -> PASS | H27: Female | I27: Convener | J27: 0 | K27: RNTBCI & INFOSYS-OFFCAMPUS-SE | L27: 2 | M27: =IFERROR(__xludf.DUMMYFUNCTION("VLOOKUP(B27,IMPORTRANGE(""1CGZ0Bai7Upqd4o8ih3likiFIYVFcX2B2CZFasZGKRII"",""Refined according to Results!B:J""),9,FALSE)"),8.71) -> 8.71 | Q27: 0 | W27: VIAPLUS
A28: 27 | B28: 21211A0527 | C28: A | D28: BANDARI RAMCHARAN | E28: 8.25 | F28: 0 | G28: =IF(E28>0,"PASS","FAIL") -> PASS | H28: Male | I28: Convener | J28: 0 | K28: OPENTEXT | L28: 1 | M28: =IFERROR(__xludf.DUMMYFUNCTION("VLOOKUP(B28,IMPORTRANGE(""1CGZ0Bai7Upqd4o8ih3likiFIYVFcX2B2CZFasZGKRII"",""Refined according to Results!B:J""),9,FALSE)"),8.63) -> 8.63 | Q28: 0 | W28: PORTER-SDE1
A29: 28 | B29: 21211A0528 | C29: A | D29: BANDARI SAIJYOTHI | E29: 8.4 | F29: 0 | G29: =IF(E29>0,"PASS","FAIL") -> PASS | H29: Female | I29: Convener | J29: 0 | K29: KPIT & COGNIZANT-GENC | L29: 2 | M29: =IFERROR(__xludf.DUMMYFUNCTION("VLOOKUP(B29,IMPORTRANGE(""1CGZ0Bai7Upqd4o8ih3likiFIYVFcX2B2CZFasZGKRII"",""Refined according to Results!B:J""),9,FALSE)"),8.18) -> 8.18 | Q29: KPIT | W29: {=UNIQUE(S13:S358)} -> LTI Mindtree
A30: 29 | B30: 21211A0529 | C30: A | D30: BATHULA VENKATA RAMANA | E30: 8.14 | F30: 0 | G30: =IF(E30>0,"PASS","FAIL") -> PASS | H30: Male | I30: Convener | J30: 0 | K30: Accenture ASE | L30: 1 | M30: =IFERROR(__xludf.DUMMYFUNCTION("VLOOKUP(B30,IMPORTRANGE(""1CGZ0Bai7Upqd4o8ih3likiFIYVFcX2B2CZFasZGKRII"",""Refined according to Results!B:J""),9,FALSE)"),8.56) -> 8.56 | Q30: Accenture ASE
A31: 30 | B31: 21211A0530 | C31: A | D31: BAVANTHULA ANUDEEP REDDY | E31: 8.74 | F31: 0 | G31: =IF(E31>0,"PASS","FAIL") -> PASS | H31: Male | I31: Convener | J31: 0 | K31: MODAK & Accenture ASE | L31: 2 | M31: =IFERROR(__xludf.DUMMYFUNCTION("VLOOKUP(B31,IMPORTRANGE(""1CGZ0Bai7Upqd4o8ih3likiFIYVFcX2B2CZFasZGKRII"",""Refined according to Results!B:J""),9,FALSE)"),8.99) -> 8.99 | Q31: MODAK | R31: Accenture ASE | W31: OPTUM
A32: 31 | B32: 21211A0531 | C32: A | D32: BAVIRTI SURYA SAI KIRAN REKHA | E32: 8.6 | F32: 0 | G32: =IF(E32>0,"PASS","FAIL") -> PASS | H32: Female | I32: Convener | J32: 0 | K32: KPIT | L32: 1 | M32: =IFERROR(__xludf.DUMMYFUNCTION("VLOOKUP(B32,IMPORTRANGE(""1CGZ0Bai7Upqd4o8ih3likiFIYVFcX2B2CZFasZGKRII"",""Refined according to Results!B:J""),9,FALSE)"),8.74) -> 8.74 | Q32: KPIT | W32: TECH MAHINDRA
A33: 32 | B33: 21211A0532 | C33: A | D33: BEGARI RAGHAVI | E33: 8.35 | F33: 0 | G33: =IF(E33>0,"PASS","FAIL") -> PASS | H33: Female | I33: Convener | J33: 0 | K33: Accenture ASE | L33: 1 | M33: =IFERROR(__xludf.DUMMYFUNCTION("VLOOKUP(B33,IMPORTRANGE(""1CGZ0Bai7Upqd4o8ih3likiFIYVFcX2B2CZFasZGKRII"",""Refined according to Results!B:J""),9,FALSE)"),8.46) -> 8.46 | Q33: Accenture ASE | W33: KPIT
A34: 33 | B34: 21211A0533 | C34: A | D34: BEJUGAM SAITEJA | E34: 8.42 | F34: 0 | G34: =IF(E34>0,"PASS","FAIL") -> PASS | H34: Male | I34: Management | J34: 0 | K34: Accenture ASE & INFOSYS-OFFCAMPUS-SE | L34: 2 | M34: =IFERROR(__xludf.DUMMYFUNCTION("VLOOKUP(B34,IMPORTRANGE(""1CGZ0Bai7Upqd4o8ih3likiFIYVFcX2B2CZFasZGKRII"",""Refined according to Results!B:J""),9,FALSE)"),8.35) -> 8.35 | Q34: Accenture ASE | W34: STATESTREET
A35: 34 | B35: 21211A0534 | C35: A | D35: BETHI ANIRUDH REDDY | E35: 7.29 | F35: 0 | G35: =IF(E35>0,"PASS","FAIL") -> PASS | H35: Male | I35: Management | J35: 0 | K35: CAPGEMINI-ANALYST | L35: 1 | M35: =IFERROR(__xludf.DUMMYFUNCTION("VLOOKUP(B35,IMPORTRANGE(""1CGZ0Bai7Upqd4o8ih3likiFIYVFcX2B2CZFasZGKRII"",""Refined according to Results!B:J""),9,FALSE)"),7.14) -> 7.14 | Q35: 0 | W35: PORTER-SDE-TEST
A36: 35 | B36: 21211A0535 | C36: A | D36: SASIKANTH REDDY BHIMIREDDY | E36: 8.19 | F36: 0 | G36: =IF(E36>0,"PASS","FAIL") -> PASS | H36: Male | I36: Management | J36: 0 | K36: CORIZO-BDA & SEOAK & COGNIZANT-OFF CAMPUS | L36: 3 | M36: =IFERROR(__xludf.DUMMYFUNCTION("VLOOKUP(B36,IMPORTRANGE(""1CGZ0Bai7Upqd4o8ih3likiFIYVFcX2B2CZFasZGKRII"",""Refined according to Results!B:J""),9,FALSE)"),8.15) -> 8.15 | Q36: 0 | W36: FACTSET
A37: 36 | B37: 21211A0536 | C37: A | D37: BOLIBOTHULA VARUN | F37: 16 | G37: =IF(E37>0,"PASS","FAIL") -> FAIL | H37: Male | I37: Management | J37: 0 | L37: =LEN(H37)-LEN(SUBSTITUTE(H37," & "," ")) -> 0 | M37: =IFERROR(__xludf.DUMMYFUNCTION("VLOOKUP(B37,IMPORTRANGE(""1CGZ0Bai7Upqd4o8ih3likiFIYVFcX2B2CZFasZGKRII"",""Refined according to Results!B:J""),9,FALSE)"),"") | Q37: 0 | W37: BANK OF AMERICA
A38: 37 | B38: 21211A0537 | C38: A | D38: BOLLAM MANIDEEP | E38: 7.75 | F38: 0 | G38: =IF(E38>0,"PASS","FAIL") -> PASS | H38: Male | I38: Convener | J38: 0 | L38: =LEN(H38)-LEN(SUBSTITUTE(H38," & "," ")) -> 0 | M38: =IFERROR(__xludf.DUMMYFUNCTION("VLOOKUP(B38,IMPORTRANGE(""1CGZ0Bai7Upqd4o8ih3likiFIYVFcX2B2CZFasZGKRII"",""Refined according to Results!B:J""),9,FALSE)"),7.65) -> 7.65 | Q38: 0 | W38: {=UNIQUE(T47:T358)}
A39: 38 | B39: 21211A0538 | C39: A | D39: BOMMENA ARAVIND | E39: 7.69 | F39: 0 | G39: =IF(E39>0,"PASS","FAIL") -> PASS | H39: Male | I39: Convener | J39: 0 | K39: SEOAK & MRF | L39: 2 | M39: =IFERROR(__xludf.DUMMYFUNCTION("VLOOKUP(B39,IMPORTRANGE(""1CGZ0Bai7Upqd4o8ih3likiFIYVFcX2B2CZFasZGKRII"",""Refined according to Results!B:J""),9,FALSE)"),7.45) -> 7.45 | Q39: 0 | W39: OPTUM
A40: 39 | B40: 21211A0539 | C40: A | D40: BOMMISHETTT VAMSHI | F40: 1 | G40: =IF(E40>0,"PASS","FAIL") -> FAIL | H40: Male | I40: Convener | J40: 0 | L40: =LEN(H40)-LEN(SUBSTITUTE(H40," & "," ")) -> 0 | M40: =IFERROR(__xludf.DUMMYFUNCTION("VLOOKUP(B40,IMPORTRANGE(""1CGZ0Bai7Upqd4o8ih3likiFIYVFcX2B2CZFasZGKRII"",""Refined according to Results!B:J""),9,FALSE)"),7.85) -> 7.85 | Q40: 0 | W40: LTI Mindtree
A41: 40 | B41: 21211A0540 | C41: A | D41: BOOJALA KIRAN REDDY | E41: 8.98 | F41: 0 | G41: =IF(E41>0,"PASS","FAIL") -> PASS | H41: Male | I41: Convener | J41: 0 | K41: Accenture ASE & INFOSYS1-SE | L41: 2 | M41: =IFERROR(__xludf.DUMMYFUNCTION("VLOOKUP(B41,IMPORTRANGE(""1CGZ0Bai7Upqd4o8ih3likiFIYVFcX2B2CZFasZGKRII"",""Refined according to Results!B:J""),9,FALSE)"),9.22) -> 9.22 | Q41: Accenture ASE
A42: 41 | B42: 21211A0541 | C42: A | D42: PRANAY BOOLA | E42: 8.18 | F42: 0 | G42: =IF(E42>0,"PASS","FAIL") -> PASS | H42: Male | I42: Convener | J42: 0 | K42: Accenture ASE | L42: 1 | M42: =IFERROR(__xludf.DUMMYFUNCTION("VLOOKUP(B42,IMPORTRANGE(""1CGZ0Bai7Upqd4o8ih3likiFIYVFcX2B2CZFasZGKRII"",""Refined according to Results!B:J""),9,FALSE)"),8.35) -> 8.35 | Q42: Accenture ASE
A43: 42 | B43: 21211A0542 | C43: A | D43: BOYA SAI RAM | E43: 9.07 | F43: 0 | G43: =IF(E43>0,"PASS","FAIL") -> PASS | H43: Male | I43: Convener | J43: FRUGAL TESTING | K43: FRUGAL TESTING | L43: 1 | M43: =IFERROR(__xludf.DUMMYFUNCTION("VLOOKUP(B43,IMPORTRANGE(""1CGZ0Bai7Upqd4o8ih3likiFIYVFcX2B2CZFasZGKRII"",""Refined according to Results!B:J""),9,FALSE)"),9.19) -> 9.19 | Q43: FRUGAL TESTING
A44: 43 | B44: 21211A0543 | C44: A | D44: BUCHIREDDY GARI KARTHIK REDDY | F44: 2 | G44: =IF(E44>0,"PASS","FAIL") -> FAIL | H44: Male | I44: Management | J44: 0 | K44: EDU-VERSITY | L44: 1 | M44: =IFERROR(__xludf.DUMMYFUNCTION("VLOOKUP(B44,IMPORTRANGE(""1CGZ0Bai7Upqd4o8ih3likiFIYVFcX2B2CZFasZGKRII"",""Refined according to Results!B:J""),9,FALSE)"),"") | Q44: 0
A45: 44 | B45: 21211A0544 | C45: A | D45: BUSIM NAGA SIDDU KARTHIK | E45: 8.5 | F45: 0 | G45: =IF(E45>0,"PASS","FAIL") -> PASS | H45: Male | I45: Convener | J45: 0 | K45: TECH MAHINDRA & LTI MINDTREE & CORIZO-BDA & REALPAGE2 | L45: 4 | M45: =IFERROR(__xludf.DUMMYFUNCTION("VLOOKUP(B45,IMPORTRANGE(""1CGZ0Bai7Upqd4o8ih3likiFIYVFcX2B2CZFasZGKRII"",""Refined according to Results!B:J""),9,FALSE)"),8.58) -> 8.58 | Q45: TECH MAHINDRA | R45: LTI Mindtree
A46: 45 | B46: 21211A0545 | C46: A | D46: BUTTAGALLA VINOD | F46: 1 | G46: =IF(E46>0,"PASS","FAIL") -> FAIL | H46: Male | I46: Convener | J46: 0 | K46: MRF | L46: 1 | M46: =IFERROR(__xludf.DUMMYFUNCTION("VLOOKUP(B46,IMPORTRANGE(""1CGZ0Bai7Upqd4o8ih3likiFIYVFcX2B2CZFasZGKRII"",""Refined according to Results!B:J""),9,FALSE)"),7.22) -> 7.22 | Q46: 0
A47: 46 | B47: 21211A0546 | C47: A | D47: BYATHOL ANURADHA | E47: 9.07 | F47: 0 | G47: =IF(E47>0,"PASS","FAIL") -> PASS | H47: Female | I47: Convener | J47: DBS | K47: Accenture ASE & LTI MINDTREE & COGNIZANT-GENC | L47: 3 | M47: =IFERROR(__xludf.DUMMYFUNCTION("VLOOKUP(B47,IMPORTRANGE(""1CGZ0Bai7Upqd4o8ih3likiFIYVFcX2B2CZFasZGKRII"",""Refined according to Results!B:J""),9,FALSE)"),9.31) -> 9.31 | Q47: Accenture ASE | R47: LTI Mindtree
A48: 47 | B48: 21211A0547 | C48: A | D48: CHINTAKUNTA DURGA PRASAD REDDY | E48: 7.63 | F48: 0 | G48: =IF(E48>0,"PASS","FAIL") -> PASS | H48: Male | I48: Management | J48: 0 | L48: =LEN(H48)-LEN(SUBSTITUTE(H48," & "," ")) -> 0 | M48: =IFERROR(__xludf.DUMMYFUNCTION("VLOOKUP(B48,IMPORTRANGE(""1CGZ0Bai7Upqd4o8ih3likiFIYVFcX2B2CZFasZGKRII"",""Refined according to Results!B:J""),9,FALSE)"),7.51) -> 7.51 | Q48: 0
A49: 48 | B49: 21211A0548 | C49: A | D49: C KARTHIK | E49: 8.97 | F49: 0 | G49: =IF(E49>0,"PASS","FAIL") -> PASS | H49: Male | I49: Convener | J49: NITK | K49: MODAK & Accenture ASE & TECH MAHINDRA & OPTUM | L49: 4 | M49: =IFERROR(__xludf.DUMMYFUNCTION("VLOOKUP(B49,IMPORTRANGE(""1CGZ0Bai7Upqd4o8ih3likiFIYVFcX2B2CZFasZGKRII"",""Refined according to Results!B:J""),9,FALSE)"),9.01) -> 9.01 | Q49: MODAK | R49: Accenture ASE | S49: TECH MAHINDRA | T49: OPTUM
A50: 49 | B50: 21211A0549 | C50: A | D50: CHEDURUPALLY VENUGOPAL | F50: 4 | G50: =IF(E50>0,"PASS","FAIL") -> FAIL | H50: Male | I50: Convener | J50: 0 | L50: =LEN(H50)-LEN(SUBSTITUTE(H50," & "," ")) -> 0 | M50: =IFERROR(__xludf.DUMMYFUNCTION("VLOOKUP(B50,IMPORTRANGE(""1CGZ0Bai7Upqd4o8ih3likiFIYVFcX2B2CZFasZGKRII"",""Refined according to Results!B:J""),9,FALSE)"),"") | Q50: 0
A51: 50 | B51: 21211A0550 | C51: A | D51: CHADA ACHYUTH KUMAR | E51: 7.02 | F51: 0 | G51: =IF(E51>0,"PASS","FAIL") -> PASS | H51: Male | I51: Convener | J51: 0 | K51: CORIZO1-BOE | L51: 1 | M51: =IFERROR(__xludf.DUMMYFUNCTION("VLOOKUP(B51,IMPORTRANGE(""1CGZ0Bai7Upqd4o8ih3likiFIYVFcX2B2CZFasZGKRII"",""Refined according to Results!B:J""),9,FALSE)"),"") | Q51: 0
A52: 51 | B52: 21211A0551 | C52: A | D52: CHAGANTI SANTHOSH KUMAR REDDY | E52: 9.26 | F52: 0 | G52: =IF(E52>0,"PASS","FAIL") -> PASS | H52: Male | I52: Convener | J52: 0 | K52: LTI MINDTREE & INFOSYS-OFFCAMPUS-DSE | L52: 2 | M52: =IFERROR(__xludf.DUMMYFUNCTION("VLOOKUP(B52,IMPORTRANGE(""1CGZ0Bai7Upqd4o8ih3likiFIYVFcX2B2CZFasZGKRII"",""Refined according to Results!B:J""),9,FALSE)"),9.36) -> 9.36 | Q52: LTI Mindtree
A53: 52 | B53: 21211A0552 | C53: A | D53: CHAKALI VAISHNAVI | E53: 7.63 | F53: 0 | G53: =IF(E53>0,"PASS","FAIL") -> PASS | H53: Female | I53: Convener | J53: 0 | L53: =LEN(H53)-LEN(SUBSTITUTE(H53," & "," ")) -> 0 | M53: =IFERROR(__xludf.DUMMYFUNCTION("VLOOKUP(B53,IMPORTRANGE(""1CGZ0Bai7Upqd4o8ih3likiFIYVFcX2B2CZFasZGKRII"",""Refined according to Results!B:J""),9,FALSE)"),8.01) -> 8.01 | Q53: 0
A54: 53 | B54: 21211A0553 | C54: A | D54: CHANDA PRANEETH | E54: 8.12 | F54: 0 | G54: =IF(E54>0,"PASS","FAIL") -> PASS | H54: Male | I54: Management | J54: 0 | K54: LTI MINDTREE & INFOSYS-SE | L54: 2 | M54: =IFERROR(__xludf.DUMMYFUNCTION("VLOOKUP(B54,IMPORTRANGE(""1CGZ0Bai7Upqd4o8ih3likiFIYVFcX2B2CZFasZGKRII"",""Refined according to Results!B:J""),9,FALSE)"),8.28) -> 8.28 | Q54: LTI Mindtree
A55: 54 | B55: 21211A0554 | C55: A | D55: CHANDRAKANTI VISHWA DHANUSH | E55: 7.75 | F55: 0 | G55: =IF(E55>0,"PASS","FAIL") -> PASS | H55: Male | I55: Convener | J55: 0 | K55: ASSET10 SOFTWARE | L55: 1 | M55: =IFERROR(__xludf.DUMMYFUNCTION("VLOOKUP(B55,IMPORTRANGE(""1CGZ0Bai7Upqd4o8ih3likiFIYVFcX2B2CZFasZGKRII"",""Refined according to Results!B:J""),9,FALSE)"),7.85) -> 7.85 | Q55: 0
A56: 55 | B56: 21211A0555 | C56: A | D56: PRUTHVIRAJ CHAUHAN | E56: 8.43 | F56: 0 | G56: =IF(E56>0,"PASS","FAIL") -> PASS | H56: Male | I56: Convener | J56: 0 | K56: Accenture ADV ASE & INFOSYS-1 | L56: 2 | M56: =IFERROR(__xludf.DUMMYFUNCTION("VLOOKUP(B56,IMPORTRANGE(""1CGZ0Bai7Upqd4o8ih3likiFIYVFcX2B2CZFasZGKRII"",""Refined according to Results!B:J""),9,FALSE)"),8.04) -> 8.04 | Q56: Accenture ADV ASE | R56: INFOSYS-1
A57: 56 | B57: 21211A0556 | C57: A | D57: CHERUKU ALANKRUTHA REDDY | E57: 7.88 | F57: 0 | G57: =IF(E57>0,"PASS","FAIL") -> PASS | H57: Female | I57: Convener | J57: 0 | K57: LTI MINDTREE | L57: 1 | M57: =IFERROR(__xludf.DUMMYFUNCTION("VLOOKUP(B57,IMPORTRANGE(""1CGZ0Bai7Upqd4o8ih3likiFIYVFcX2B2CZFasZGKRII"",""Refined according to Results!B:J""),9,FALSE)"),8.06) -> 8.06 | Q57: 0
A58: 57 | B58: 21211A0557 | C58: A | D58: DIVIJA CHIGULLAPALLY | E58: 8.69 | F58: 0 | G58: =IF(E58>0,"PASS","FAIL") -> PASS | H58: Female | I58: Convener | J58: 0 | K58: Accenture ASE | L58: 1 | M58: =IFERROR(__xludf.DUMMYFUNCTION("VLOOKUP(B58,IMPORTRANGE(""1CGZ0Bai7Upqd4o8ih3likiFIYVFcX2B2CZFasZGKRII"",""Refined according to Results!B:J""),9,FALSE)"),8.68) -> 8.68 | Q58: Accenture ASE
A59: 58 | B59: 21211A0558 | C59: A | D59: VISHWAS SHASTRY | E59: 8.13 | F59: 0 | G59: =IF(E59>0,"PASS","FAIL") -> PASS | H59: Male | I59: Convener | J59: 0 | K59: Accenture ASE & LTI MINDTREE & COGNIZANT-GENC & INFOSYS1-SE | L59: 4 | M59: =IFERROR(__xludf.DUMMYFUNCTION("VLOOKUP(B59,IMPORTRANGE(""1CGZ0Bai7Upqd4o8ih3likiFIYVFcX2B2CZFasZGKRII"",""Refined according to Results!B:J""),9,FALSE)"),8.13) -> 8.13 | Q59: Accenture ASE | R59: LTI Mindtree
A60: 59 | B60: 21211A0559 | C60: A | D60: CHILUVERI RITHISH KUMAR | E60: 8.28 | F60: 0 | G60: =IF(E60>0,"PASS","FAIL") -> PASS | H60: Male | I60: Management | J60: 0 | K60: CAPGEMINI-ANALYST | L60: 1 | M60: =IFERROR(__xludf.DUMMYFUNCTION("VLOOKUP(B60,IMPORTRANGE(""1CGZ0Bai7Upqd4o8ih3likiFIYVFcX2B2CZFasZGKRII"",""Refined according to Results!B:J""),9,FALSE)"),8.31) -> 8.31 | Q60: 0
A61: 60 | B61: 21211A0560 | C61: A | D61: CHILUVERU DHEERAJ | E61: 8.1 | F61: 0 | G61: =IF(E61>0,"PASS","FAIL") -> PASS | H61: Male | I61: Convener | J61: 0 | L61: =LEN(H61)-LEN(SUBSTITUTE(H61," & "," ")) -> 0 | M61: =IFERROR(__xludf.DUMMYFUNCTION("VLOOKUP(B61,IMPORTRANGE(""1CGZ0Bai7Upqd4o8ih3likiFIYVFcX2B2CZFasZGKRII"",""Refined according to Results!B:J""),9,FALSE)"),8.38) -> 8.38 | Q61: 0
A62: 61 | B62: 21211A0561 | C62: A | D62: CHINDAM DEEPIKA | E62: 8.89 | F62: 0 | G62: =IF(E62>0,"PASS","FAIL") -> PASS | H62: Female | I62: Convener | J62: & Realpage | K62: Accenture ASE & TECH MAHINDRA & KPIT & LTI MINDTREE & REALPAGE1 & INFOSYS-SP | L62: 6 | M62: =IFERROR(__xludf.DUMMYFUNCTION("VLOOKUP(B62,IMPORTRANGE(""1CGZ0Bai7Upqd4o8ih3likiFIYVFcX2B2CZFasZGKRII"",""Refined according to Results!B:J""),9,FALSE)"),9.13) -> 9.13 | Q62: Accenture ASE | R62: TECH MAHINDRA | S62: KPIT | T62: LTI Mindtree
A63: 62 | B63: 21211A0562 | C63: A | D63: CHITNENI VAISHNAVI | F63: 8 | G63: =IF(E63>0,"PASS","FAIL") -> FAIL | H63: Female | I63: Management | J63: 0 | L63: =LEN(H63)-LEN(SUBSTITUTE(H63," & "," ")) -> 0 | M63: =IFERROR(__xludf.DUMMYFUNCTION("VLOOKUP(B63,IMPORTRANGE(""1CGZ0Bai7Upqd4o8ih3likiFIYVFcX2B2CZFasZGKRII"",""Refined according to Results!B:J""),9,FALSE)"),"") | Q63: 0
A64: 63 | B64: 21211A0563 | C64: A | D64: VENKATESH CHOPPADHANDI | E64: 8.33 | F64: 0 | G64: =IF(E64>0,"PASS","FAIL") -> PASS | H64: Male | I64: Management | J64: 0 | K64: RNTBCI | L64: 1 | M64: =IFERROR(__xludf.DUMMYFUNCTION("VLOOKUP(B64,IMPORTRANGE(""1CGZ0Bai7Upqd4o8ih3likiFIYVFcX2B2CZFasZGKRII"",""Refined according to Results!B:J""),9,FALSE)"),8.78) -> 8.78 | Q64: 0
A65: 64 | B65: 21211A0564 | C65: A | D65: DAIDA PRAMODH | E65: 7.95 | F65: 0 | G65: =IF(E65>0,"PASS","FAIL") -> PASS | H65: Male | I65: Convener | J65: 0 | K65: CORIZO-BDA & MOVATE1-DIS & CAPGEMINI-SSE | L65: 3 | M65: =IFERROR(__xludf.DUMMYFUNCTION("VLOOKUP(B65,IMPORTRANGE(""1CGZ0Bai7Upqd4o8ih3likiFIYVFcX2B2CZFasZGKRII"",""Refined according to Results!B:J""),9,FALSE)"),7.6) -> 7.6 | Q65: 0
A66: 65 | B66: 21211A0565 | C66: A | D66: DAKARAPU KEERTHI PRADANYA | E66: 8.48 | F66: 0 | G66: =IF(E66>0,"PASS","FAIL") -> PASS | H66: Female | I66: Convener | J66: 0 | K66: EATON-NAT | L66: 1 | M66: =IFERROR(__xludf.DUMMYFUNCTION("VLOOKUP(B66,IMPORTRANGE(""1CGZ0Bai7Upqd4o8ih3likiFIYVFcX2B2CZFasZGKRII"",""Refined according to Results!B:J""),9,FALSE)"),7.79) -> 7.79 | Q66: 0
A67: 66 | B67: 22215A0501 | C67: A | D67: ABHINAV JASTA | F67: 1 | G67: =IF(E67>0,"PASS","FAIL") -> FAIL | H67: Male | I67: Convener | J67: 0 | K67: INFOSYS-SE | L67: 1 | M67: =IFERROR(__xludf.DUMMYFUNCTION("VLOOKUP(B67,IMPORTRANGE(""1CGZ0Bai7Upqd4o8ih3likiFIYVFcX2B2CZFasZGKRII"",""Refined according to Results!B:J""),9,FALSE)"),"#N/A") -> #N/A | Q67: 0
A68: 67 | B68: 22215A0502 | C68: A | D68: JAKKULA AISHWARYA | E68: 7.46 | F68: 0 | G68: =IF(E68>0,"PASS","FAIL") -> PASS | H68: Female | I68: Management | J68: 0 | K68: SEOAK | L68: 1 | M68: =IFERROR(__xludf.DUMMYFUNCTION("VLOOKUP(B68,IMPORTRANGE(""1CGZ0Bai7Upqd4o8ih3likiFIYVFcX2B2CZFasZGKRII"",""Refined according to Results!B:J""),9,FALSE)"),"#N/A") -> #N/A | Q68: 0
A69: 68 | B69: 22215A0503 | C69: A | D69: DIRRI AKHILA | E69: 7 | F69: 0 | G69: =IF(E69>0,"PASS","FAIL") -> PASS | H69: Female | I69: Convener | J69: 0 | L69: 0 | M69: =IFERROR(__xludf.DUMMYFUNCTION("VLOOKUP(B69,IMPORTRANGE(""1CGZ0Bai7Upqd4o8ih3likiFIYVFcX2B2CZFasZGKRII"",""Refined according to Results!B:J""),9,FALSE)"),"#N/A") -> #N/A | Q69: 0
A70: 69 | B70: 22215A0504 | C70: A | D70: VOLKI ANIRUDH | F70: 1 | G70: =IF(E70>0,"PASS","FAIL") -> FAIL | H70: Male | I70: Management | J70: 0 | L70: =LEN(H70)-LEN(SUBSTITUTE(H70," & "," ")) -> 0 | M70: =IFERROR(__xludf.DUMMYFUNCTION("VLOOKUP(B70,IMPORTRANGE(""1CGZ0Bai7Upqd4o8ih3likiFIYVFcX2B2CZFasZGKRII"",""Refined according to Results!B:J""),9,FALSE)"),"#N/A") -> #N/A | Q70: 0
A71: 70 | B71: 22215A0505 | C71: A | D71: GUGLOTH ARUNA | E71: 7.47 | F71: 0 | G71: =IF(E71>0,"PASS","FAIL") -> PASS | H71: Female | I71: Management | J71: 0 | L71: =LEN(H71)-LEN(SUBSTITUTE(H71," & "," ")) -> 0 | M71: =IFERROR(__xludf.DUMMYFUNCTION("VLOOKUP(B71,IMPORTRANGE(""1CGZ0Bai7Upqd4o8ih3likiFIYVFcX2B2CZFasZGKRII"",""Refined according to Results!B:J""),9,FALSE)"),"#N/A") -> #N/A | Q71: 0
A72: 71 | B72: 22215A0506 | C72: A | D72: MAGGIDI ARVIND | E72: 7.5 | F72: 0 | G72: =IF(E72>0,"PASS","FAIL") -> PASS | H72: Male | I72: Convener | J72: 0 | L72: =LEN(H72)-LEN(SUBSTITUTE(H72," & "," ")) -> 0 | M72: =IFERROR(__xludf.DUMMYFUNCTION("VLOOKUP(B72,IMPORTRANGE(""1CGZ0Bai7Upqd4o8ih3likiFIYVFcX2B2CZFasZGKRII"",""Refined according to Results!B:J""),9,FALSE)"),"#N/A") -> #N/A | Q72: 0
A73: 72 | B73: 22215A0507 | C73: A | D73: NAMPELLI GANGOTHRI | E73: 8.03 | F73: 0 | G73: =IF(E73>0,"PASS","FAIL") -> PASS | H73: Female | I73: Convener | J73: 0 | L73: =LEN(H73)-LEN(SUBSTITUTE(H73," & "," ")) -> 0 | M73: =IFERROR(__xludf.DUMMYFUNCTION("VLOOKUP(B73,IMPORTRANGE(""1CGZ0Bai7Upqd4o8ih3likiFIYVFcX2B2CZFasZGKRII"",""Refined according to Results!B:J""),9,FALSE)"),"#N/A") -> #N/A | Q73: 0
A74: 73 | B74: 21211A0566 | C74: B | D74: DARAM SOWMYA | E74: 9.3 | F74: 0 | G74: =IF(E74>0,"PASS","FAIL") -> PASS | H74: Female | I74: Convener | J74: 0 | K74: TECH MAHINDRA & OPTUM | L74: 2 | M74: =IFERROR(__xludf.DUMMYFUNCTION("VLOOKUP(B74,IMPORTRANGE(""1CGZ0Bai7Upqd4o8ih3likiFIYVFcX2B2CZFasZGKRII"",""Refined according to Results!B:J""),9,FALSE)"),9.33) -> 9.33 | Q74: TECH MAHINDRA | R74: OPTUM
A75: 74 | B75: 21211A0567 | C75: B | D75: DASARI SUBBAYYAGARI NANDHU SAGAR | E75: 7.69 | F75: 0 | G75: =IF(E75>0,"PASS","FAIL") -> PASS | H75: Male | I75: Management | J75: 0 | K75: COGNIZANT-GENC | L75: 1 | M75: =IFERROR(__xludf.DUMMYFUNCTION("VLOOKUP(B75,IMPORTRANGE(""1CGZ0Bai7Upqd4o8ih3likiFIYVFcX2B2CZFasZGKRII"",""Refined according to Results!B:J""),9,FALSE)"),7.13) -> 7.13 | Q75: 0
A76: 75 | B76: 21211A0568 | C76: B | D76: KOUSTHUBHA DEBBATA | E76: 8.65 | F76: 0 | G76: =IF(E76>0,"PASS","FAIL") -> PASS | H76: Male | I76: Convener | J76: 0 | K76: Accenture ASE | L76: 1 | M76: =IFERROR(__xludf.DUMMYFUNCTION("VLOOKUP(B76,IMPORTRANGE(""1CGZ0Bai7Upqd4o8ih3likiFIYVFcX2B2CZFasZGKRII"",""Refined according to Results!B:J""),9,FALSE)"),8.51) -> 8.51 | Q76: Accenture ASE
A77: 76 | B77: 21211A0569 | C77: B | D77: DEEPTHI PRIYADARSHINI.P | E77: 7.92 | F77: 0 | G77: =IF(E77>0,"PASS","FAIL") -> PASS | H77: Female | I77: Convener | J77: 0 | L77: =LEN(H77)-LEN(SUBSTITUTE(H77," & "," ")) -> 0 | M77: =IFERROR(__xludf.DUMMYFUNCTION("VLOOKUP(B77,IMPORTRANGE(""1CGZ0Bai7Upqd4o8ih3likiFIYVFcX2B2CZFasZGKRII"",""Refined according to Results!B:J""),9,FALSE)"),7.68) -> 7.68 | Q77: 0
A78: 77 | B78: 21211A0570 | C78: B | D78: DENDI MOKSHITH REDDY | F78: 7 | G78: =IF(E78>0,"PASS","FAIL") -> FAIL | H78: Male | I78: Convener | J78: 0 | L78: 0 | M78: =IFERROR(__xludf.DUMMYFUNCTION("VLOOKUP(B78,IMPORTRANGE(""1CGZ0Bai7Upqd4o8ih3likiFIYVFcX2B2CZFasZGKRII"",""Refined according to Results!B:J""),9,FALSE)"),"") | Q78: 0
A79: 78 | B79: 21211A0571 | C79: B | D79: Deshavath Naveen | F79: 1 | G79: =IF(E79>0,"PASS","FAIL") -> FAIL | H79: Male | I79: Convener | J79: 0 | L79: =LEN(H79)-LEN(SUBSTITUTE(H79," & "," ")) -> 0 | M79: =IFERROR(__xludf.DUMMYFUNCTION("VLOOKUP(B79,IMPORTRANGE(""1CGZ0Bai7Upqd4o8ih3likiFIYVFcX2B2CZFasZGKRII"",""Refined according to Results!B:J""),9,FALSE)"),"") | Q79: 0
A80: 79 | B80: 21211A0572 | C80: B | D80: DHULIPALLA NAGA PARVATHI | E80: 9.15 | F80: 0 | G80: =IF(E80>0,"PASS","FAIL") -> PASS | H80: Female | I80: Convener | J80: STATESTREET | K80: STATESTREET | L80: 1 | M80: =IFERROR(__xludf.DUMMYFUNCTION("VLOOKUP(B80,IMPORTRANGE(""1CGZ0Bai7Upqd4o8ih3likiFIYVFcX2B2CZFasZGKRII"",""Refined according to Results!B:J""),9,FALSE)"),9.4) -> 9.4 | Q80: STATESTREET
A81: 80 | B81: 21211A0573 | C81: B | D81: DIDDI HARI HARAN | E81: 8.98 | F81: 0 | G81: =IF(E81>0,"PASS","FAIL") -> PASS | H81: Male | I81: Convener | J81: DBS | K81: BIGWORKS & LTI MINDTREE & COGNIZANT-GENC & DBS | L81: 4 | M81: =IFERROR(__xludf.DUMMYFUNCTION("VLOOKUP(B81,IMPORTRANGE(""1CGZ0Bai7Upqd4o8ih3likiFIYVFcX2B2CZFasZGKRII"",""Refined according to Results!B:J""),9,FALSE)"),9.04) -> 9.04 | Q81: BIGWORKS | R81: LTI Mindtree
A82: 81 | B82: 21211A0574 | C82: B | D82: DODLE PRANATHI REDDY | E82: 8.89 | F82: 0 | G82: =IF(E82>0,"PASS","FAIL") -> PASS | H82: Female | I82: Convener | J82: 0 | K82: CORIZO-BDA | L82: 1 | M82: =IFERROR(__xludf.DUMMYFUNCTION("VLOOKUP(B82,IMPORTRANGE(""1CGZ0Bai7Upqd4o8ih3likiFIYVFcX2B2CZFasZGKRII"",""Refined according to Results!B:J""),9,FALSE)"),8.79) -> 8.79 | Q82: 0
A83: 82 | B83: 21211A0575 | C83: B | D83: DOMAKONDA NANDINI | E83: 7.9 | F83: 0 | G83: =IF(E83>0,"PASS","FAIL") -> PASS | H83: Female | I83: Convener | J83: 0 | L83: 0 | M83: =IFERROR(__xludf.DUMMYFUNCTION("VLOOKUP(B83,IMPORTRANGE(""1CGZ0Bai7Upqd4o8ih3likiFIYVFcX2B2CZFasZGKRII"",""Refined according to Results!B:J""),9,FALSE)"),7.42) -> 7.42 | Q83: 0
A84: 83 | B84: 21211A0576 | C84: B | D84: DULAM ABHINAV GOUD | E84: 9.05 | F84: 0 | G84: =IF(E84>0,"PASS","FAIL") -> PASS | H84: Male | I84: Convener | J84: DBS | L84: 0 | M84: =IFERROR(__xludf.DUMMYFUNCTION("VLOOKUP(B84,IMPORTRANGE(""1CGZ0Bai7Upqd4o8ih3likiFIYVFcX2B2CZFasZGKRII"",""Refined according to Results!B:J""),9,FALSE)"),8.97) -> 8.97 | Q84: 0
A85: 84 | B85: 21211A0577 | C85: B | D85: DURGAM KARTHIK GOUD | E85: 8.27 | F85: 0 | G85: =IF(E85>0,"PASS","FAIL") -> PASS | H85: Male | I85: Convener | J85: 0 | K85: Accenture ASE & COGNIZANT-GENC | L85: 2 | M85: =IFERROR(__xludf.DUMMYFUNCTION("VLOOKUP(B85,IMPORTRANGE(""1CGZ0Bai7Upqd4o8ih3likiFIYVFcX2B2CZFasZGKRII"",""Refined according to Results!B:J""),9,FALSE)"),7.99) -> 7.99 | Q85: Accenture ASE
A86: 85 | B86: 21211A0578 | C86: B | D86: E.HARITHA | E86: 8.74 | F86: 0 | G86: =IF(E86>0,"PASS","FAIL") -> PASS | H86: Female | I86: Convener | J86: 0 | K86: CORIZO-BDA & CADSYS | L86: 2 | M86: =IFERROR(__xludf.DUMMYFUNCTION("VLOOKUP(B86,IMPORTRANGE(""1CGZ0Bai7Upqd4o8ih3likiFIYVFcX2B2CZFasZGKRII"",""Refined according to Results!B:J""),9,FALSE)"),8.88) -> 8.88 | Q86: 0
A87: 86 | B87: 21211A0579 | C87: B | D87: SAI PRADEEP EDARA | E87: 8.61 | F87: 0 | G87: =IF(E87>0,"PASS","FAIL") -> PASS | H87: Male | I87: Convener | J87: 0 | K87: TECH MAHINDRA & INFOSYS1-SE | L87: 2 | M87: =IFERROR(__xludf.DUMMYFUNCTION("VLOOKUP(B87,IMPORTRANGE(""1CGZ0Bai7Upqd4o8ih3likiFIYVFcX2B2CZFasZGKRII"",""Refined according to Results!B:J""),9,FALSE)"),8.81) -> 8.81 | Q87: TECH MAHINDRA
A88: 87 | B88: 21211A0580 | C88: B | D88: BALAKRISHNA EMMADI | E88: 8.74 | F88: 0 | G88: =IF(E88>0,"PASS","FAIL") -> PASS | H88: Male | I88: Convener | J88: 0 | K88: INFOSYS-SE | L88: 1 | M88: =IFERROR(__xludf.DUMMYFUNCTION("VLOOKUP(B88,IMPORTRANGE(""1CGZ0Bai7Upqd4o8ih3likiFIYVFcX2B2CZFasZGKRII"",""Refined according to Results!B:J""),9,FALSE)"),8.73) -> 8.73 | N88: =COUNTIF(K2:K358,"*Infosys *") -> 0 | Q88: 0
A89: 88 | B89: 21211A0581 | C89: B | D89: ERAGADINLA ACHYUT | E89: 8.15 | F89: 0 | G89: =IF(E89>0,"PASS","FAIL") -> PASS | H89: Male | I89: Convener | J89: 0 | K89: LTI MINDTREE & INFOSYS-SE | L89: 2 | M89: =IFERROR(__xludf.DUMMYFUNCTION("VLOOKUP(B89,IMPORTRANGE(""1CGZ0Bai7Upqd4o8ih3likiFIYVFcX2B2CZFasZGKRII"",""Refined according to Results!B:J""),9,FALSE)"),8.19) -> 8.19 | N89: =COUNTIF(K3:K359,"*Infosys1-se*") -> 17 | Q89: LTI Mindtree
A90: 89 | B90: 21211A0582 | C90: B | D90: GABRIEL EMMANUEL | E90: 8.31 | F90: 0 | G90: =IF(E90>0,"PASS","FAIL") -> PASS | H90: Male | I90: Management | J90: 0 | K90: Accenture ASE | L90: 1 | M90: =IFERROR(__xludf.DUMMYFUNCTION("VLOOKUP(B90,IMPORTRANGE(""1CGZ0Bai7Upqd4o8ih3likiFIYVFcX2B2CZFasZGKRII"",""Refined according to Results!B:J""),9,FALSE)"),8.73) -> 8.73 | Q90: Accenture ASE
A91: 90 | B91: 21211A0583 | C91: B | D91: GAJJALA LIKHITH REDDY | E91: 8.95 | F91: 0 | G91: =IF(E91>0,"PASS","FAIL") -> PASS | H91: Male | I91: Convener | J91: 0 | K91: Accenture ASE & LTI MINDTREE & COGNIZANT-GENC & INFOSYS1-SE & VEEVA-AQE | L91: 5 | M91: =IFERROR(__xludf.DUMMYFUNCTION("VLOOKUP(B91,IMPORTRANGE(""1CGZ0Bai7Upqd4o8ih3likiFIYVFcX2B2CZFasZGKRII"",""Refined according to Results!B:J""),9,FALSE)"),9.18) -> 9.18 | Q91: Accenture ASE | R91: LTI Mindtree
A92: 91 | B92: 21211A0584 | C92: B | D92: GALI BHAVYA | E92: 8.97 | F92: 0 | G92: =IF(E92>0,"PASS","FAIL") -> PASS | H92: Female | I92: Convener | J92: 0 | K92: Accenture ASE & LTI MINDTREE & DELOITTE-OFF CAMPUS | L92: 3 | M92: =IFERROR(__xludf.DUMMYFUNCTION("VLOOKUP(B92,IMPORTRANGE(""1CGZ0Bai7Upqd4o8ih3likiFIYVFcX2B2CZFasZGKRII"",""Refined according to Results!B:J""),9,FALSE)"),9.05) -> 9.05 | Q92: Accenture ASE | R92: LTI Mindtree
A93: 92 | B93: 21211A0585 | C93: B | D93: ALEKHYA GANDHAM | E93: 9.01 | F93: 0 | G93: =IF(E93>0,"PASS","FAIL") -> PASS | H93: Female | I93: Convener | J93: 0 | K93: COGNIZANT-GENC | L93: 1 | M93: =IFERROR(__xludf.DUMMYFUNCTION("VLOOKUP(B93,IMPORTRANGE(""1CGZ0Bai7Upqd4o8ih3likiFIYVFcX2B2CZFasZGKRII"",""Refined according to Results!B:J""),9,FALSE)"),9.03) -> 9.03 | Q93: 0
A94: 93 | B94: 21211A0586 | C94: B | D94: GANDLA ABHILASH | E94: 7.96 | F94: 0 | G94: =IF(E94>0,"PASS","FAIL") -> PASS | H94: Male | I94: Convener | J94: 0 | K94: Accenture ASE & INFOSYS-OFFCAMPUS-SE | L94: 2 | M94: =IFERROR(__xludf.DUMMYFUNCTION("VLOOKUP(B94,IMPORTRANGE(""1CGZ0Bai7Upqd4o8ih3likiFIYVFcX2B2CZFasZGKRII"",""Refined according to Results!B:J""),9,FALSE)"),8.24) -> 8.24 | Q94: Accenture ASE
A95: 94 | B95: 21211A0587 | C95: B | D95: GANDLA ARUN KUMAR | E95: 8.07 | F95: 0 | G95: =IF(E95>0,"PASS","FAIL") -> PASS | H95: Male | I95: Convener | J95: 0 | K95: SEOAK & CAPGEMINI-ANALYST | L95: 2 | M95: =IFERROR(__xludf.DUMMYFUNCTION("VLOOKUP(B95,IMPORTRANGE(""1CGZ0Bai7Upqd4o8ih3likiFIYVFcX2B2CZFasZGKRII"",""Refined according to Results!B:J""),9,FALSE)"),8.06) -> 8.06 | Q95: 0
A96: 95 | B96: 21211A0588 | C96: B | D96: GANGAMALLU MERCY MADHURIMA REDDY | E96: 9.21 | F96: 0 | G96: =IF(E96>0,"PASS","FAIL") -> PASS | H96: Female | I96: Convener | J96: IBRIDGE | K96: TECH MAHINDRA & SYNERSYS-OFF CAMPUS | L96: 2 | M96: =IFERROR(__xludf.DUMMYFUNCTION("VLOOKUP(B96,IMPORTRANGE(""1CGZ0Bai7Upqd4o8ih3likiFIYVFcX2B2CZFasZGKRII"",""Refined according to Results!B:J""),9,FALSE)"),9.18) -> 9.18 | Q96: TECH MAHINDRA
A97: 96 | B97: 21211A0589 | C97: B | D97: GANGAVARAPU. RAGHUVEER CHAITANYA | F97: 1 | G97: =IF(E97>0,"PASS","FAIL") -> FAIL | H97: Male | I97: Convener | J97: 0 | K97: VISION INDIA-OFF CAMPUS | L97: 1 | M97: =IFERROR(__xludf.DUMMYFUNCTION("VLOOKUP(B97,IMPORTRANGE(""1CGZ0Bai7Upqd4o8ih3likiFIYVFcX2B2CZFasZGKRII"",""Refined according to Results!B:J""),9,FALSE)"),7.92) -> 7.92 | Q97: 0
A98: 97 | B98: 21211A0590 | C98: B | D98: GANTYALA SREEHITHA | E98: 9.18 | F98: 0 | G98: =IF(E98>0,"PASS","FAIL") -> PASS | H98: Female | I98: Convener | J98: 0 | K98: KPIT & BIGWORKS & LTI MINDTREE & INFOSYS-SE & COGNIZANT-GENC & OPENTEXT | L98: 6 | M98: =IFERROR(__xludf.DUMMYFUNCTION("VLOOKUP(B98,IMPORTRANGE(""1CGZ0Bai7Upqd4o8ih3likiFIYVFcX2B2CZFasZGKRII"",""Refined according to Results!B:J""),9,FALSE)"),9.47) -> 9.47 | Q98: BIGWORKS | R98: KPIT | S98: LTI Mindtree
A99: 98 | B99: 21211A0591 | C99: B | D99: RAHUL GATLA | E99: 9.22 | F99: 0 | G99: =IF(E99>0,"PASS","FAIL") -> PASS | H99: Male | I99: Management | J99: 0 | K99: Accenture ASE & LTI MINDTREE & RNTBCI & INFOSYS1-SE | L99: 4 | M99: =IFERROR(__xludf.DUMMYFUNCTION("VLOOKUP(B99,IMPORTRANGE(""1CGZ0Bai7Upqd4o8ih3likiFIYVFcX2B2CZFasZGKRII"",""Refined according to Results!B:J""),9,FALSE)"),9.13) -> 9.13 | Q99: Accenture ASE
A100: 99 | B100: 21211A0592 | C100: B | D100: SRIJA GOLLAPALLY | E100: 8.96 | F100: 0 | G100: =IF(E100>0,"PASS","FAIL") -> PASS | H100: Female | I100: Management | J100: 0 | K100: OPTUM & RNTBCI | L100: 2 | M100: =IFERROR(__xludf.DUMMYFUNCTION("VLOOKUP(B100,IMPORTRANGE(""1CGZ0Bai7Upqd4o8ih3likiFIYVFcX2B2CZFasZGKRII"",""Refined according to Results!B:J""),9,FALSE)"),9.13) -> 9.13 | Q100: OPTUM
...

Sheet Company WISE data
A1: SNO | B1: Company Name | C1: Mode of Engagement | D1: Date of selection (mm/dd/yy) | E1: Total Fulltime Selects | F1: Salary (Rs. LPA) | G1: Total Internship Selects | H1: Stipend (Rs. p.m.) | I1: Unique | J1: Multiple
A2: 1 | B2: DELOITTE | C2: Internship | D2: 45215 | E2: 0 | G2: 2 | H2: 15000 | I2: 0 | J2: =G2-I2 -> 2
A3: 2 | B3: DBS | C3: Internship | D3: 45404 | E3: 0 | G3: 9 | H3: 36000 | I3: 1 | J3: =G3-I3 -> 8
A4: 3 | B4: NITK | C4: Internship | D4: 45428 | E4: 0 | G4: 1 | I4: 0 | J4: =G4-I4 -> 1
A5: 4 | B5: HEXAGONE | C5: Internship | D5: 45429 | E5: 0 | G5: 3 | H5: 25000 | I5: 0 | J5: =G5-I5 -> 3
A6: 5 | B6: MICROSOFT | C6: Internship | D6: 45433 | E6: 0 | G6: 1 | H6: 125000 | I6: 0 | J6: =G6-I6 -> 1
A7: 6 | B7: INFOSYS-HWI | C7: Fulltime | D7: 45446 | E7: 1 | F7: 9.5 | G7: 0 | I7: 0 | J7: 1
A8: 7 | B8: FORAGE AI | C8: Internship | D8: 45456 | E8: 0 | G8: 3 | H8: 10000 | I8: 2 | J8: =G8-I8 -> 1
A9: 8 | B9: MODAK | C9: Fulltime | D9: 45516 | E9: 11 | F9: 6 | G9: 0 | I9: 4 | J9: =E9-I9 -> 7
A10: 9 | B10: HUB DATA - IIIT HYDERABAD | C10: Internship | D10: 45139 | E10: 0 | G10: 1 | H10: 10000 | I10: 0 | J10: =G10-I10 -> 1
A11: 10 | B11: VERISK-1 | C11: Fulltime | D11: 45518 | E11: 4 | F11: 10 | G11: 0 | I11: 3 | J11: =E11-I11 -> 1
A12: 11 | B12: National Institute of the Empowerment of People with Intellectual Disabilities, Secunderabad | C12: Internship | D12: 45518 | E12: 0 | G12: 2 | I12: 0 | J12: =G12-I12 -> 2
A13: 12 | B13: SENTIANTAL IT SOFTWARE SOLUTIONS-OFF CAMPUS | C13: Internship | D13: 45523 | E13: 0 | G13: 1 | H13: 15000 | I13: 0 | J13: =G13-I13 -> 1
A14: 13 | B14: FRUGAL TESTING | C14: PPO | D14: 45530 | E14: 1 | F14: 8 | G14: 1 | H14: 10000 | I14: 1 | J14: =E14-I14 -> 0
A15: 14 | B15: STATESTREET | C15: PPO | D15: 45559 | E15: 4 | F15: 8.6 | G15: 4 | H15: 30000 | I15: 1 | J15: =E15-I15 -> 3
A16: 15 | B16: ACCENTURE ASE | C16: Fulltime | D16: 45565 | E16: 101 | F16: 4.5 | G16: 0 | I16: 32 | J16: =E16-I16 -> 69
A17: 16 | B17: ACCENTURE ADV ASE | C17: Fulltime | D17: 45565 | E17: 1 | F17: 6.5 | G17: 0 | I17: 0 | J17: =E17-I17 -> 1
A18: 17 | B18: VIAPLUS | C18: PPO | D18: 45566 | E18: 3 | F18: 7 | G18: 3 | H18: 30000 | I18: 1 | J18: =E18-I18 -> 2
A19: 18 | B19: SOTI | C19: Fulltime | D19: 45569 | E19: 1 | F19: 7.5 | G19: 0 | I19: 0 | J19: =E19-I19 -> 1
A20: 19 | B20: TECH MAHINDRA | C20: Fulltime | D20: 45576 | E20: 51 | F20: 5.5 | G20: 0 | I20: 6 | J20: =E20-I20 -> 45
A21: 20 | B21: OPENTEXT | C21: PPO | D21: 45580 | E21: 19 | F21: 11 | I21: 2 | J21: =E21-I21 -> 17 | M21: 19
A22: 21 | B22: INFOSYS-1 | C22: Fulltime | D22: 45582 | E22: 2 | F22: 9.5 | G22: 0 | I22: 0 | J22: =E22-I22 -> 2
A23: 22 | B23: PORTER-SDE1 | C23: PPO | D23: 45582 | E23: 2 | F23: 17 | G23: 2 | H23: 80000 | I23: 0 | J23: =E23-I23 -> 2
A24: 23 | B24: PORTER-SDE-TEST | C24: PPO | D24: 45582 | E24: 1 | F24: 13 | G24: 1 | H24: 50000 | I24: 0 | J24: =E24-I24 -> 1
A25: 24 | B25: BANK OF AMERICA | C25: Fulltime | D25: 45587 | E25: 4 | F25: 6.45 | G25: 0 | I25: 0 | J25: =E25-I25 -> 4
A26: 25 | B26: OPTUM | C26: Fulltime | D26: 45588 | E26: 19 | F26: 18.56 | I26: 2 | J26: =E26-I26 -> 17
A27: 26 | B27: RNTBCI | C27: Fulltime | D27: 45599 | E27: 13 | F27: 4.25 | I27: 0 | J27: =E27-I27 -> 13
A28: 27 | B28: EPAM | C28: PPO | D28: 45610 | E28: 1 | F28: 8 | G28: 1 | H28: 25000 | I28: 0 | J28: =E28-I28 -> 1
A29: 28 | B29: FACTSET | C29: PPO | D29: 45614 | E29: 1 | F29: 10 | G29: 1 | H29: 30000 | I29: 0 | J29: =E29-I29 -> 1
A30: 29 | B30: KPIT | C30: Fulltime | D30: 45614 | E30: 8 | F30: 4.4 | G30: 0 | I30: 1 | J30: =E30-I30 -> 7
A31: 30 | B31: BIGWORKS | C31: Fulltime | D31: 45612 | E31: 4 | F31: 4 | G31: 0 | I31: 0 | J31: =E31-I31 -> 4
A32: 31 | B32: LTI MINDTREE | C32: Fulltime | D32: 45618 | E32: 53 | F32: 4.05 | G32: 0 | I32: 7 | J32: =E32-I32 -> 46
A33: 32 | B33: INFOSYS-SE | C33: Fulltime | D33: 45618 | E33: 28 | F33: 3.6 | G33: 0 | I33: 16 | J33: =E33-I33 -> 12
A34: 33 | B34: BRISTOL MYERS SQUIBB | C34: Fulltime | D34: 45622 | E34: 1 | F34: 8.8 | G34: 0 | I34: 0 | J34: =E34-I34 -> 1
A35: 34 | B35: COGNIZANT-GENC | C35: Fulltime | D35: 45628 | E35: 34 | F35: 4 | G35: 0 | I35: 4 | J35: =E35-I35 -> 30
A36: 35 | B36: AMAZON-SDE INTERN | C36: Internship | D36: 45628 | E36: 0 | G36: 1 | H36: 110000 | I36: 0 | J36: =G36-I36 -> 1
A37: 36 | B37: INFOSYS-2 | C37: Fulltime | D37: 45632 | E37: 1 | F37: 9.5 | G37: 0 | I37: 0 | J37: =E37-I37 -> 1
A38: 37 | B38: ZELIS | C38: PPO | D38: 45640 | E38: 1 | F38: 5 | G38: 1 | H38: 25000 | I38: 1 | J38: =E38-I38 -> 0
A39: 38 | B39: SKILL DUNIYA | C39: PPO | D39: 45640 | E39: 12 | F39: 3.5 | G39: 12 | H39: 15000 | I39: 7 | J39: =E39-I39 -> 5
A40: 39 | B40: CORIZO1-BOE | C40: Fulltime | D40: 45646 | E40: 1 | F40: 4 | G40: 0 | I40: 0 | J40: =E40-I40 -> 1
A41: 40 | B41: CORIZO-BDA | C41: Fulltime | D41: 45646 | E41: 15 | F41: 4 | G41: 0 | I41: 9 | J41: =E41-I41 -> 6
A42: 41 | B42: VIDYANTH | C42: PPO | D42: 45649 | E42: 4 | F42: 3.5 | G42: 4 | H42: 15000 | I42: 1 | J42: =E42-I42 -> 3
A43: 42 | B43: REALPAGE | C43: PPO | D43: 45649 | E43: 5 | F43: 10 | G43: 5 | H43: 15000 | I43: 0 | J43: =E43-I43 -> 5
A44: 43 | B44: FLIPKART(SDE ROLE) | C44: PPO | D44: 45649 | E44: 1 | F44: 32 | G44: 1 | H44: 100000 | J44: =E44-I44 -> 1
A45: 44 | B45: COGNIZANT1-GENC-NEXT | C45: Fulltime | D45: 45661 | E45: 3 | F45: 6.75 | G45: 0 | I45: 1 | J45: =E45-I45 -> 2
A46: 45 | B46: Infosys Phase-2 | C46: Fulltime | D46: 45661 | E46: 18 | F46: 3.6 | G46: 0 | I46: 1 | J46: =E46-I46 -> 17
A47: 46 | B47: MOVATE1-DIS | C47: PPO | D47: 45687 | E47: 4 | F47: 2.5 | G47: 4
A48: 47 | B48: IBRIDGE | C48: Internship | D48: 45695 | G48: 3
A49: 48 | B49: SEOAK | C49: PPO | D49: 45716 | E49: 12 | F49: 5 | G49: 12 | H49: 18000
D51: Total As of 04-01-2025 | E51: =SUM(E2:E49) -> 445

Sheet complete data UG 2025
A1: S No | B1: Roll NO | C1: FNAME | D1: LNAME | E1: Name | G1: UID | H1: Pega | I1: APT-1 | J1: APT-2 | K1: APT-3 | L1: Special Training | M1: EAMCET | N1: ECET | O1: DOB | P1: Gender | Q1: Branch | R1: 10th % | S1: 10th YOP | T1: Inter / Dip % | U1: Inter YOP | V1: CGPA | W1: B. Tech % | X1: UG YOP | Y1: Active Backlogs (III-I) | Z1: BE History | AA1: College Email ID | AB1: Web email ID | AC1: Phone | AD1: Parent / Alternate Number | AE1: Offers | AF1: Intern | AG1: Address | AH1: Father Name | AI1: I-I CGPA | AJ1: I-II CGPA | AK1: II-I CGPA | AL1: II-II CGPA | AM1: III-I CGPA | AN1: III-II CGPA | AO1: Seat type | AP1: Projects | AQ1: Project Details | AS1: Certifications | AT1: Hosteller / Day Scholar | AU1: Remarks
B2: 21211A0501 | C2: A | D2: HRISHIKESH | E2: A HRISHIKESH | F2: 0 | G2: 557430000000 | H2: - | I2: 1090 | J2: - | K2: - | L2: AI / ML, Data Sciences, Cyber Security, IoT, Block Chain, Python, Big Data, Mobile Applications, Extended Reality (AR / VR) | M2: 11983 | N2: 0 | O2: 24-05-2004 | P2: Male | Q2: CSE | R2: 98 | S2: 2019 | T2: 97.8 | U2: 2021 | V2: 8.65 | W2: 81.5 | X2: 2025 | Y2: 0 | Z2: 0 | AA2: 21211a0501@bvrit.ac.in | AB2: ankamhrishikesh@gmail.com | AC2: 6304816805 | AD2: 9848094847 | AE2: TECH MAHINDRA | AF2: 0 | AG2: Narsapur, Medak | AH2: Ankam Ravinder | AI2: 9.3 | AJ2: 8.59 | AK2: 8.61 | AL2: 0 | AM2: 8.67 | AN2: 8.65 | AO2: Convener | AQ2: : | AT2: Day Scholar
B3: 21211A0502 | C3: A | D3: RAGHAVENDRA | E3: A RAGHAVENDRA | F3: 0 | G3: 793377000000 | H3: - | I3: 793 | J3: - | K3: - | L3: AI / ML, Data Sciences,c++, Java, Python, Mobile Applications, Web Development | M3: 18615 | N3: 0 | O3: 24-10-2003 | P3: Male | Q3: CSE | R3: 78.6 | S3: 2019 | T3: 92.3 | U3: 2021 | V3: 7.88 | W3: 73.8 | X3: 2025 | Y3: 0 | Z3: 0 | AA3: 21211a0502@bvrit.ac.in | AB3: ragharam6262@gmail.com | AC3: 9113214584 | AD3: 8050549769 | AE3: TECH MAHINDRA & LTI MINDTREE & COGNIZANT-GENC | AF3: 0 | AG3: Near brown bear bakery, HMT hills, Jntu, Kphb, Hyderabad - 500085 | AH3: A KOTESWARA RAO | AI3: 7.95 | AJ3: 7.9 | AK3: 7.59 | AL3: 0 | AM3: 7.87 | AN3: 7.88 | AO3: Convener | AQ3: : | AT3: Day Scholar
B4: 21211A0503 | C4: ABBARABOINA | D4: SHIVA KUMAR | E4: ABBARABOINA SHIVA KUMAR | F4: 0 | G4: 822831000000 | H4: - | I4: - | J4: - | K4: - | L4: AI / ML, Data Sciences, Cyber Security, Python, Cloud, Big Data, Mobile Applications, Web Development | M4: 9510 | N4: 0 | O4: 17-02-2004 | P4: Male | Q4: CSE | R4: 98 | S4: 2019 | T4: 98.2 | U4: 2021 | V4: 8.57 | W4: 80.7 | X4: 2025 | Y4: 0 | Z4: 0 | AA4: 21211a0503@bvrit.ac.in | AB4: shivakumarabbaraboina@gmail.com | AC4: 7207874156 | AD4: 9866548969 | AE4: Accenture ASE | AF4: 0 | AG4: 2-98, Akaram Village, Dubbak Mandal, Siddipet District, Telangana. | AH4: SHANKAR | AI4: 8.65 | AJ4: 8.76 | AK4: 8.25 | AL4: 0 | AM4: 8.5 | AN4: 8.57 | AO4: Convener | AQ4: : | AT4: Hosteller
B5: 21211A0504 | C5: ABHINAV VARMA | D5: VEGESNA | E5: ABHINAV VARMA VEGESNA | F5: 0 | G5: 471952000000 | H5: - | I5: - | J5: - | K5: - | L5: AI / ML, Data Sciences, Python | M5: 0 | N5: 0 | O5: 18-06-2003 | P5: Male | Q5: CSE | R5: 65.6 | S5: 2019 | T5: 94 | U5: 2021 | V5: 0 | W5: -5 | X5: 2025 | Y5: 2 | Z5: 4 | AA5: 21211a0504@bvrit.ac.in | AB5: abhinavvarmavegesna@gmail.com | AC5: 7989638007 | AD5: 9989484569 | AE5: 0 | AF5: 0 | AG5: Sri Pavithra recidency ,flat no.401,glr colony near old age home; nizampet | AH5: Venkata Siva Naga Srinivasa raju vegesna | AI5: 0 | AJ5: 0 | AK5: 0 | AL5: 0 | AM5: 5.92 | AN5: 0 | AO5: Management | AQ5: : | AT5: Day Scholar
B6: 21211A0505 | C6: ACHAMPETA | D6: SONALI | E6: ACHAMPETA SONALI | F6: 0 | G6: 763752000000 | H6: - | I6: 817 | J6: - | K6: - | L6: AI / ML, Data Sciences, Cyber Security, IoT, Block Chain, Python, Cloud, Big Data, Mobile Applications, Extended Reality (AR / VR) | M6: 10417 | N6: 0 | O6: 24-04-2004 | P6: Female | Q6: CSE | R6: 97 | S6: 2019 | T6: 96.2 | U6: 2021 | V6: 9.03 | W6: 85.3 | X6: 2025 | Y6: 0 | Z6: 0 | AA6: 21211a0505@bvrit.ac.in | AB6: sonaliachampeta@gmail.com | AC6: 9392288747 | AD6: 9849317523 | AE6: Accenture ASE & TECH MAHINDRA | AF6: DBS | AG6: 202, gurukula apartment ,odf colony ,sangareddy . | AH6: A V G K PRASAD | AI6: 9.35 | AJ6: 8.88 | AK6: 8.59 | AL6: 0 | AM6: 9.02 | AN6: 9.03 | AO6: Convener | AQ6: : | AT6: Day Scholar
B7: 21211A0506 | C7: ADANGI | D7: SADHWIK | E7: ADANGI SADHWIK | F7: 0 | G7: 575172000000 | H7: - | I7: 622 | J7: - | K7: - | L7: AI / ML, Data Sciences, Python, Mobile Applications | M7: 13624 | N7: 0 | O7: 25-01-2004 | P7: Male | Q7: CSE | R7: 97 | S7: 2019 | T7: 98 | U7: 2021 | V7: 8.19 | W7: 76.9 | X7: 2025 | Y7: 0 | Z7: 0 | AA7: 21211a0506@bvrit.ac.in | AB7: sadhwiknani25012004@gmail.com | AC7: 8328144785 | AD7: 8106810384 | AE7: Accenture ASE & TECH MAHINDRA | AF7: 0 | AG7: PLOT NO 80, SRI NILAYAM, PRAGATHINAGAR, KUKATPALLY, HYDERABAD, TELANGANA | AH7: ADANGI ESWARA RAO | AI7: 8.68 | AJ7: 8.15 | AK7: 8.41 | AL7: 0 | AM7: 8.17 | AN7: 8.19 | AO7: Convener | AQ7: : | AT7: Day Scholar
B8: 21211A0507 | C8: ADEPU | D8: SAI RAHUL | E8: ADEPU SAI RAHUL | F8: 0 | G8: 652568000000 | H8: - | I8: 980 | J8: - | K8: - | L8: AI / ML, Cyber Security, Python, WEB DEVELOPMENT | M8: 13864 | N8: 0 | O8: 18-07-2004 | P8: Male | Q8: CSE | R8: 100 | S8: 2019 | T8: 98.8 | U8: 2021 | V8: 9.06 | W8: 85.6 | X8: 2025 | Y8: 0 | Z8: 0 | AA8: 21211a0507@bvrit.ac.in | AB8: sairahuladepu@gmail.com | AC8: 6304690288 | AD8: 9392464449 | AE8: Accenture ASE | AF8: 0 | AG8: 4-37-37, road number 7, RamaKrishna Nagar, Jagathgiri Gutta, Kukatpally, Hyderabad, 500037 | AH8: ADEPU RAMESH BABU | AI8: 9.68 | AJ8: 9.1 | AK8: 8.73 | AL8: 0 | AM8: 9.08 | AN8: 9.06 | AO8: Convener | AQ8: : | AT8: Day Scholar
B9: 21211A0508 | C9: ADHAM | D9: AKASH | E9: ADHAM AKASH | F9: 0 | G9: 468008000000 | H9: - | I9: - | J9: - | K9: - | L9: AI / ML, Data Sciences, Python | M9: 19000 | N9: 0 | O9: 37752 | P9: Male | Q9: CSE | R9: 88 | S9: 2019 | T9: 88 | U9: 2021 | V9: 6.91 | W9: 64.1 | X9: 2025 | Y9: 0 | Z9: 0 | AA9: 21211A0508@bvrit.ac.in | AB9: mittuakash2@gmail.com | AC9: 9959296937 | AD9: 8497973300 | AE9: 0 | AF9: 0 | AG9: Nizamabad,Maruthi nagar, opp kings club | AH9: ADHAM PURUSHOTHAM | AI9: 7.27 | AJ9: 7.22 | AK9: 6.95 | AL9: 0 | AM9: 6.92 | AN9: 6.91 | AO9: Convener | AQ9: : | AT9: Hosteller
B10: 21211A0509 | C10: ADIYALA | D10: MADHUMITHA | E10: ADIYALA MADHUMITHA | F10: 0 | G10: 780590000000 | H10: - | I10: - | J10: - | K10: - | M10: 34431 | N10: 0 | O10: 20-08-2004 | P10: Female | Q10: CSE | R10: 97 | S10: 2019 | T10: 89 | U10: 2021 | V10: 8.65 | W10: 81.5 | X10: 2025 | Y10: 0 | Z10: 0 | AA10: 21211A0509@bvrit.ac.in | AB10: madhumithavenkatreddyadiyala@gmail.com | AC10: 8977532025 | AD10: 8639216585 | AE10: 0 | AF10: 0 | AG10: Punya residency, Springfield colony, Srisai enclave road, jeedimetla,Petbasheerabad | AH10: Adiyala Thara | AI10: 8.76 | AJ10: 8.39 | AK10: 8.86 | AL10: 0 | AM10: 8.65 | AN10: 8.65 | AO10: Convener | AQ10: : | AT10: Day Scholar
B11: 21211A0510 | C11: AGNESH | D11: KUNDU | E11: AGNESH KUNDU | F11: 0 | G11: 428688000000 | H11: - | I11: 792 | J11: - | K11: - | L11: AI / ML, Data Sciences, Python, Mobile Applications, Web Development | M11: 7857 | N11: 0 | O11: 24-01-2003 | P11: Male | Q11: CSE | R11: 93.6 | S11: 2019 | T11: 93 | U11: 2021 | V11: 9.23 | W11: 87.3 | X11: 2025 | Y11: 0 | Z11: 0 | AA11: 21211a0510@bvrit.ac.in | AB11: agnesh.kundu@gmail.com | AC11: 9515937457 | AD11: 9440821566 | AE11: MODAK & OPTUM & RNTBCI | AF11: 0 | AG11: Flat-207, Block-B, Sree HemaDurga Lakshmi Pride, Pragathi Enclave, opposite to Miyapur Cheruvu, Miyapur,Hyderabad | AH11: KOUSHIK KUNDU | AI11: 9.59 | AJ11: 9.12 | AK11: 9 | AL11: 0 | AM11: 9.29 | AN11: 9.23 | AO11: Convener | AQ11: : | AT11: Day Scholar
B12: 21211A0511 | C12: AILENI | D12: SREETHIKESH | E12: AILENI SREETHIKESH REDDY | F12: 0 | G12: 813637000000 | H12: - | I12: 726 | J12: - | K12: - | L12: AI / ML, Data Sciences, Cyber Security, Python, Mobile Applications | M12: 0 | N12: 0 | O12: 14-07-2003 | P12: Male | Q12: CSE | R12: 85 | S12: 2019 | T12: 76 | U12: 2021 | V12: 7.16 | W12: 66.6 | X12: 2025 | Y12: 1 | Z12: 0 | AA12: 21211a0511@bvrit.ac.in | AB12: sreethikeshaileni@gmail.com | AC12: 8977002799 | AD12: 9346044469 | AE12: TECH MAHINDRA & CORIZO-BDA | AF12: 0 | AG12: Lig-698 BHEL, lingampally, Hyderabad, Telangana | AH12: AILENI VEERA PRADEEP REDDY | AI12: 7.11 | AJ12: 0 | AK12: 7.25 | AL12: 0 | AM12: 7.01 | AN12: 0 | AO12: Management | AQ12: : | AT12: Day Scholar
B13: 21211A0512 | C13: VEDA SRI | D13: AILINENI | E13: AILINENI VEDA SRI | F13: 0 | G13: 505321000000 | H13: - | I13: 870 | J13: - | K13: - | L13: AI / ML, Data Sciences, Cyber Security, IoT, Block Chain, Python, Cloud, Big Data, UX / UI, Mobile Applications | M13: 8514 | N13: 0 | O13: 38261 | P13: Female | Q13: CSE | R13: 98 | S13: 2019 | T13: 98 | U13: 2021 | V13: 8.48 | W13: 79.8 | X13: 2025 | Y13: 0 | Z13: 0 | AA13: 21211a0512@bvrit.ac.in | AB13: vedasriailineni@gmail.com | AC13: 7382699004 | AD13: 9963349004 | AE13: Accenture ASE & OPTUM & LTI MINDTREE | AF13: 0 | AG13: 7-4-247/3/a, Vidyanagar,Jagtial | AH13: Ailineni Rajashekhar Rao | AI13: 8.43 | AJ13: 8.76 | AK13: 8.66 | AL13: 0 | AM13: 8.45 | AN13: 8.48 | AO13: Convener | AQ13: : | AT13: Hosteller
B14: 21211A0513 | C14: AJMEERA | D14: SINDHUJA | E14: AJMEERA SINDHUJA | F14: 0 | G14: 648387000000 | H14: - | I14: 757 | J14: - | K14: - | L14: AI / ML, Data Sciences, Cyber Security, Python, Mobile Applications | M14: 26162 | N14: 0 | O14: 30-09-2004 | P14: Female | Q14: CSE | R14: 87 | S14: 2019 | T14: 90 | U14: 2021 | V14: 7.77 | W14: 72.7 | X14: 2025 | Y14: 0 | Z14: 0 | AA14: 21211a0513@bvrit.ac.in | AB14: sindhujaajmeera@gmail.com | AC14: 6302184161 | AD14: 9652404797 | AE14: 0 | AF14: 0 | AG14: Kothapally, karimnagar district | AH14: Mangya Nayak | AI14: 7.54 | AJ14: 7.83 | AK14: 7.68 | AL14: 0 | AM14: 7.7 | AN14: 7.77 | AO14: Convener | AQ14: : | AT14: Hosteller
B15: 21211A0514 | C15: AKULA | D15: VYSHNAVI | E15: AKULA VYSHNAVI | F15: 0 | G15: 520069000000 | H15: - | I15: 653 | J15: - | K15: - | L15: Data Sciences, Cyber Security, Python, Cloud, Big Data | M15: 20845 | N15: 0 | O15: 18-06-2003 | P15: Female | Q15: CSE | R15: 63.8 | S15: 2019 | T15: 93.2 | U15: 2021 | V15: 8.02 | W15: 75.2 | X15: 2025 | Y15: 0 | Z15: 0 | AA15: 21211a0514@bvrit.ac.in | AB15: vyshnaviakula81@gmail.com | AC15: 7670847300 | AD15: 9010129232 | AE15: 0 | AF15: 0 | AG15: VILLG: RACCHAPALLI, MDL: DHARMARAM, DIST: PEDDAPALLI | AH15: AKULA THIRUPATHI | AI15: 8.22 | AJ15: 7.68 | AK15: 7.95 | AL15: 0 | AM15: 7.89 | AN15: 8.02 | AO15: Convener | AQ15: : | AT15: Hosteller
B16: 21211A0515 | C16: AMAND | D16: SRI SIDDHARTHA | E16: AMAND SRI SIDDHARTHA | F16: 0 | G16: 615547000000 | H16: - | I16: 1099 | J16: - | K16: - | L16: AI / ML, Data Sciences, Cyber Security, Python, Cloud, Big Data, Mobile Applications | M16: 10323 | N16: 0 | O16: 31-05-2004 | P16: Male | Q16: CSE | R16: 98 | S16: 2019 | T16: 97.4 | U16: 2021 | V16: 8.45 | W16: 79.5 | X16: 2025 | Y16: 0 | Z16: 0 | AA16: 21211a0515@bvrit.ac.in | AB16: amandsrisiddhartha@gmail.com | AC16: 7095264009 | AD16: 9553936456 | AE16: Accenture ASE & TECH MAHINDRA & LTI MINDTREE & REALPAGE | AF16: HEXAGONE & REALPAGE | AG16: 6-8-227, Chatrapati Hanuman Mandir,Namdevwada | AH16: Amand Pothanna | AI16: 8.81 | AJ16: 8.44 | AK16: 7.93 | AL16: 0 | AM16: 8.44 | AN16: 8.45 | AO16: Convener | AQ16: : | AT16: Hosteller
B17: 21211A0516 | C17: SAHITHI | D17: AMBATI | E17: AMBATI SAHITHI | F17: 0 | G17: 361133000000 | H17: - | I17: 923 | J17: - | K17: - | L17: AI / ML, Data Sciences, Cyber Security, IoT, Block Chain, Python, Cloud, Big Data, UX / UI, Mobile Applications, Extended Reality (AR / VR) | M17: 0 | N17: 0 | O17: 20-03-2004 | P17: Female | Q17: CSE | R17: 88 | S17: 2019 | T17: 94 | U17: 2021 | V17: 8.74 | W17: 82.4 | X17: 2025 | Y17: 0 | Z17: 0 | AA17: 21211a0516@bvrit.ac.in | AB17: sahithiambati203@gmail.com | AC17: 8074198185 | AD17: 8919262047 | AE17: Accenture ASE & TECH MAHINDRA & OPTUM & RNTBCI | AF17: 0 | AG17: PLOT NO:46,SAI RAM NAGAR COLONY, ZAHEERABAD,SANGAREDDY,TELANGANA. | AH17: AMBATI TIRUPATHI REDDY | AI17: 8.92 | AJ17: 8.68 | AK17: 8.39 | AL17: 0 | AM17: 8.75 | AN17: 8.74 | AO17: Management | AQ17: : | AT17: Hosteller
B18: 21211A0517 | C18: Anjali Kumari | D18: Mahto | E18: Anjali Kumari Mahto | F18: 0 | G18: 727462000000 | H18: - | I18: 676 | J18: - | K18: - | L18: AI / ML, IoT, Python, UX / UI, Mobile Applications, Extended Reality (AR / VR), Web development | M18: 40459 | N18: 0 | O18: 19-02-2005 | P18: Female | Q18: CSE | R18: 100 | S18: 2019 | T18: 97.6 | U18: 2021 | V18: 8.7 | W18: 82 | X18: 2025 | Y18: 0 | Z18: 0 | AA18: 21211a0517@bvrit.ac.in | AB18: mahtoanjali5548@gmail.com | AC18: 8639415548 | AD18: 9963705477 | AE18: Accenture ASE | AF18: 0 | AG18: H.no:11-13-173/7, zinkalawada, balanagar | AH18: Manoj Mahto | AI18: 8.27 | AJ18: 8.78 | AK18: 7.8 | AL18: 0 | AM18: 8.65 | AN18: 8.7 | AO18: Convener | AQ18: : | AT18: Day Scholar
B19: 21211A0518 | C19: ANNAPUREDDY | D19: ARUN KUMAR REDDY | E19: ANNAPUREDDY ARUN KUMAR REDDY | F19: 0 | G19: 420957000000 | H19: - | I19: - | J19: - | K19: - | L19: Data Sciences | M19: 3470 | N19: 0 | O19: 20-06-2003 | P19: Male | Q19: CSE | R19: 92 | S19: 2019 | T19: 88.1 | U19: 2021 | V19: 0 | W19: -5 | X19: 2025 | Y19: 1 | Z19: 0 | AA19: 21211A0518@bvrit.ac.in | AB19: arunkumarreddy354@gmail.com | AC19: 7671914536 | AD19: 9701278727 | AE19: 0 | AF19: 0 | AG19: H.No:701/B,2nd floor,1st phase,Allwyn colony, Kukatpally | AH19: ANNAPUREDDY ESWAR REDDY | AI19: 6.16 | AJ19: 6.71 | AK19: 7.07 | AL19: 0 | AM19: 6.78 | AN19: 0 | AO19: Convener | AQ19: : | AT19: Day Scholar
B20: 21211A0519 | C20: ANTHAREDDY | D20: TANVI REDDY | E20: ANTHAREDDY TANVI REDDY | F20: 0 | G20: 954643000000 | H20: - | I20: - | J20: - | K20: - | L20: AI / ML, Data Sciences, Cyber Security, IoT, Block Chain, Python, Cloud, Big Data, UX / UI, Mobile Applications, Extended Reality (AR / VR), Web management | M20: 0 | N20: 0 | O20: 24-03-2004 | P20: Female | Q20: CSE | R20: 97 | S20: 2019 | T20: 95.6 | U20: 2021 | V20: 7.96 | W20: 74.6 | X20: 2025 | Y20: 0 | Z20: 0 | AA20: 21211a0519@bvrit.ac.in | AB20: tanvireddyanthareddy@gmail.com | AC20: 9704897815 | AD20: 8008509449 | AE20: 0 | AF20: 0 | AG20: Vinayak Nagar, Nizamabad | AH20: Anthareddy Karunakar Reddy | AI20: 8.03 | AJ20: 8.2 | AK20: 8 | AL20: 0 | AM20: 7.97 | AN20: 7.96 | AO20: Management | AQ20: : | AT20: Hosteller
B21: 21211A0520 | C21: AREPUDI | D21: VINAY KUMAR | E21: AREPUDI VINAY KUMAR | F21: 0 | G21: 415421000000 | H21: - | I21: 576 | J21: - | K21: - | L21: AI / ML, Data Sciences, Python, C,C++ | M21: 14323 | N21: 0 | O21: 27-08-2004 | P21: Male | Q21: CSE | R21: 88.35 | S21: 2019 | T21: 93.8 | U21: 2021 | V21: 8.33 | W21: 78.3 | X21: 2025 | Y21: 0 | Z21: 0 | AA21: 21211a0520@bvrit.ac.in | AB21: veneuday@gmail.com | AC21: 8247085538 | AD21: 8247085538 | AE21: 0 | AF21: 0 | AG21: AMEENABAD VILLAGE,ANANTHAGIRI MANDAL,SURYAPET DIST,TELANGANA STATE. | AH21: AREPUDI NAGESWARRAO | AI21: 8.68 | AJ21: 7.98 | AK21: 8 | AL21: 0 | AM21: 8.23 | AN21: 8.33 | AO21: Convener | AT21: Hosteller
B22: 21211A0521 | C22: ASOORI | D22: MURALI KRISHNA | E22: ASOORI MURALI KRISHNA | F22: 0 | G22: 415264000000 | H22: - | I22: -180 | J22: - | K22: - | L22: Cyber Security, Python, Cloud, Extended Reality (AR / VR), Web Development | M22: 44600 | N22: 0 | O22: 37714 | P22: Male | Q22: CSE | R22: 88 | S22: 2018 | T22: 93 | U22: 2020 | V22: 8.36 | W22: 78.6 | X22: 2025 | Y22: 0 | Z22: 0 | AA22: 21211a0521@bvrit.ac.in | AB22: muralikrishnaasoori@gmail.com | AC22: 9515962889 | AD22: 9440235299 | AE22: TECH MAHINDRA | AF22: 0 | AG22: HNo: 1-2-10/11, SHANTINAGAR, ADILABAD, TELANGANA, 504001 | AH22: ASOORI SRIKANTH | AI22: 8.46 | AJ22: 8.73 | AK22: 7.91 | AL22: 0 | AM22: 8.29 | AN22: 8.36 | AO22: Management | AQ22: : | AT22: Hosteller
B23: 21211A0522 | C23: AVNS | D23: KARTIK | E23: ABBARAJU VENKATA NAGA SAI KARTIK | F23: 0 | G23: 662750000000 | H23: - | I23: 663 | J23: - | K23: - | L23: AI / ML, Data Sciences, Cyber Security, IoT, Block Chain, Python, Cloud, Big Data, UX / UI, Mobile Applications, Extended Reality (AR / VR) | M23: 0 | N23: 0 | O23: 13-10-2003 | P23: Male | Q23: CSE | R23: 80 | S23: 2019 | T23: 82.6 | U23: 2021 | V23: 8.08 | W23: 75.8 | X23: 2025 | Y23: 0 | Z23: 0 | AA23: 21211a0522@bvrit.ac.in | AB23: kartikabbaraju@outlook.com | AC23: 7330808196 | AD23: 9866266925 | AE23: LTI MINDTREE & INFOSYS-SE | AF23: 0 | AG23: FLAT NO-313M SWARAJ ARCADE HASMATPET ROAD DUBAI GATE NEAR SPENCER SUPER MARKET OLD BOWEPALLY SECUNDERABAD TELANGANA -500009 | AH23: A S RAMA KRISHNA | AI23: 8.7 | AJ23: 7.32 | AK23: 7.82 | AL23: 0 | AM23: 8.05 | AN23: 8.08 | AO23: Management | AQ23: : | AT23: Day Scholar
B24: 21211A0523 | C24: AVULA | D24: THARUN | E24: AVULA THARUN | F24: 0 | G24: 824233000000 | H24: - | I24: 1024 | J24: - | K24: - | L24: AI / ML, Data Sciences, Cyber Security, IoT, Block Chain, Python, Cloud, Big Data, UX / UI, Mobile Applications, Extended Reality (AR / VR), Data structures and Java | M24: 8868 | N24: 0 | O24: 21-08-2004 | P24: Male | Q24: CSE | R24: 98 | S24: 2019 | T24: 99 | U24: 2021 | V24: 9.19 | W24: 86.9 | X24: 2025 | Y24: 0 | Z24: 0 | AA24: 21211a0523@bvrit.ac.in | AB24: avulatharun786@gmail.com | AC24: 7801060344 | AD24: 9848332543 | AE24: Accenture ASE & INFOSYS1-SE | AF24: 0 | AG24: H.no-#37-389/2/1 ,near pochamma temple,somaiah nagar,jagathgiri gutta, Hyderabad 500037 | AH24: AVULA VENKANNA | AI24: 9.59 | AJ24: 9.27 | AK24: 8.59 | AL24: 0 | AM24: 9.18 | AN24: 9.19 | AO24: Convener | AQ24: : | AT24: Day Scholar
B25: 21211A0524 | C25: BADAVATH | D25: KRISHNAVENI | E25: BADAVATHKRISHNAVENI | F25: 0 | G25: 403914000000 | H25: - | I25: - | J25: - | K25: - | L25: AI / ML, Block Chain, Python | M25: 34639 | N25: 0 | O25: 37870 | P25: Female | Q25: CSE | R25: 88 | S25: 2019 | T25: 65 | U25: 2021 | V25: 0 | W25: -5 | X25: 2025 | Y25: 3 | Z25: 6 | AA25: 21211a0524@bvrit.ac.in | AB25: badavathkrishnaveni5@gmail.com | AC25: 9618896528 | AD25: 7036302033 | AE25: 0 | AF25: 0 | AG25: Village:Pochammaral; Mandal:Havelighanapur; Dist:Medak; H-No:4-21/2 | AH25: Mother:Mayura; Father: Gabbar singh | AI25: 6.14 | AJ25: 0 | AK25: 0 | AL25: 0 | AM25: 5.81 | AN25: 0 | AO25: Convener | AQ25: : | AT25: Day Scholar
B26: 21211A0525 | C26: BALAVARI | D26: VANESSA THANMAYI | E26: BALAVARI VANESSA THANMAYI | F26: 0 | G26: 939742000000 | H26: - | I26: 143 | J26: - | K26: - | L26: AI / ML, Data Sciences, Cyber Security, IoT, Cloud, Mobile Applications, Extended Reality (AR / VR) | M26: 15034 | N26: 0 | O26: 22-09-2003 | P26: Female | Q26: CSE | R26: 98 | S26: 2019 | T26: 94.4 | U26: 2021 | V26: 8.6 | W26: 81 | X26: 2025 | Y26: 0 | Z26: 0 | AA26: 21211a0525@bvrit.ac.in | AB26: balavarivanessathanmayi@gmail.com | AC26: 9966922291 | AD26: 9885522291 | AE26: Accenture ASE & TECH MAHINDRA | AF26: 0 | AG26: Karimnagar , Telangana India | AH26: BALAVARI JEEVAN KUMAR | AI26: 9.14 | AJ26: 8.37 | AK26: 8.43 | AL26: 0 | AM26: 8.58 | AN26: 8.6 | AO26: Convener | AQ26: : | AT26: Hosteller
B27: 21211A0526 | C27: BANDANADAM | D27: PRANAYA | E27: BANDANADAM PRANAYA | F27: 0 | G27: 235839000000 | H27: - | I27: 688 | J27: - | K27: - | L27: AI / ML, Data Sciences, IoT, Block Chain, Python, Cloud, Big Data, Mobile Applications, C | M27: 17759 | N27: 0 | O27: 18-02-2004 | P27: Female | Q27: CSE | R27: 98 | S27: 2019 | T27: 81.8 | U27: 2021 | V27: 8.67 | W27: 81.7 | X27: 2025 | Y27: 0 | Z27: 0 | AA27: 21211A0526@bvrit.ac.in | AB27: pranayabandanadam@gmail.com | AC27: 6300316908 | AD27: 9866826395 | AE27: RNTBCI | AF27: 0 | AG27: Gajwel , Siddipet - dist , H. No : 1-185 | AH27: Bandanadam Jojappa | AI27: 8.68 | AJ27: 8.73 | AK27: 8.55 | AL27: 0 | AM27: 8.61 | AN27: 8.67 | AO27: Convener | AQ27: : | AT27: Day Scholar
B28: 21211A0527 | C28: BANDARI | D28: RAMCHARAN | E28: BANDARI RAMCHARAN | F28: 0 | G28: 950542000000 | H28: - | I28: 1019 | J28: 5365 | K28: 5394 | L28: AI / ML, Cyber Security, IoT, Python, Mobile Applications, C language | M28: 17815 | N28: 0 | O28: 37751 | P28: Male | Q28: CSE | R28: 98 | S28: 2019 | T28: 98 | U28: 2021 | V28: 8.27 | W28: 77.7 | X28: 2025 | Y28: 0 | Z28: 0 | AA28: 21211a0527@bvrit.ac.in | AB28: ramcharanb93@gmail.com | AC28: 9398224596 | AD28: 9398224596 | AE28: 0 | AF28: 0 | AG28: NARSAPUR, NARSAPUR, MEDHAK | AH28: BANDARI THIRUPATHI | AI28: 8.95 | AJ28: 8.34 | AK28: 7.82 | AL28: 0 | AM28: 8.32 | AN28: 8.27 | AO28: Convener | AQ28: : | AT28: Day Scholar
B29: 21211A0528 | C29: BANDARI | D29: SAIJYOTHI | E29: BANDARI SAIJYOTHI | F29: 0 | G29: 849785000000 | H29: - | I29: 487 | J29: - | K29: - | L29: AI / ML, Data Sciences, Cyber Security, IoT, Block Chain, Python, Cloud, Big Data, UX / UI, Mobile Applications, Extended Reality (AR / VR) | M29: 21980 | N29: 0 | O29: 23-04-2003 | P29: Female | Q29: CSE | R29: 93 | S29: 2019 | T29: 93.6 | U29: 2021 | V29: 8.3 | W29: 78 | X29: 2025 | Y29: 0 | Z29: 0 | AA29: 21211a0528@bvrit.ac.in | AB29: saijyothibandari23@gmail.com | AC29: 8074506445 | AD29: 9912389706 | AE29: KPIT & COGNIZANT-GENC | AF29: 0 | AG29: B. C colony, H. No: 12-5-36/13A, yedira, Mahabubnagar | AH29: Bandari Ramulu | AI29: 8.32 | AJ29: 8.05 | AK29: 8 | AL29: 0 | AM29: 8.25 | AN29: 8.3 | AO29: Convener | AQ29: : | AT29: Hosteller
B30: 21211A0529 | C30: BATHULA | D30: VENKATA RAMANA | E30: BATHULA VENKATA RAMANA | F30: 0 | G30: 553618000000 | H30: - | I30: - | J30: - | K30: - | L30: AI / ML, Cyber Security, Python | M30: 12689 | N30: 0 | O30: 37900 | P30: Male | Q30: CSE | R30: 97 | S30: 2019 | T30: 96.6 | U30: 2021 | V30: 8.19 | W30: 76.9 | X30: 2025 | Y30: 0 | Z30: 0 | AA30: 21211a0529@bvrit.ac.in | AB30: bathula.venkataramana95425@gmail.com | AC30: 7660971009 | AD30: 9542561451 | AE30: Accenture ASE | AF30: 0 | AG30: 5-3-709,vidyanagar colony,kamareddy,kamareddy mandal,kamareddy district,Telangana 503111 | AH30: Bathula.Lakshman | AI30: 8.54 | AJ30: 8.59 | AK30: 8.07 | AL30: 0 | AM30: 8.24 | AN30: 8.19 | AO30: Convener | AQ30: : | AT30: Day Scholar
B31: 21211A0530 | C31: BAVANTHULA | D31: ANUDEEP REDDY | E31: BAVANTHULA ANUDEEP REDDY | F31: 0 | G31: 236259000000 | H31: - | I31: - | J31: - | K31: - | L31: Cyber Security, Python, Cloud, Web Development | M31: 6253 | N31: 0 | O31: 38209 | P31: Male | Q31: CSE | R31: 87 | S31: 2019 | T31: 97 | U31: 2021 | V31: 8.75 | W31: 82.5 | X31: 2025 | Y31: 0 | Z31: 0 | AA31: 21211a0530@bvrit.ac.in | AB31: anudeepreddy359@gmail.com | AC31: 8977425169 | AD31: 9441278695 | AE31: MODAK & Accenture ASE | AF31: 0 | AG31: 26-3-264/1,unikicherla,hanamkonda | AH31: BAVANTHULA CHANDRASHEKHAR REDDY | AI31: 9.35 | AJ31: 8.66 | AK31: 8.05 | AL31: 0 | AM31: 8.76 | AN31: 8.75 | AO31: Convener | AQ31: : | AT31: Hosteller
B32: 21211A0531 | C32: BAVIRTI | D32: SURYA SAI KIRAN REKHA | E32: BAVIRTI SURYA SAI KIRAN REKHA | F32: 0 | G32: 728663000000 | H32: - | I32: 478 | J32: - | K32: - | L32: AI / ML, Data Sciences, Cyber Security, Python | M32: 10152 | N32: 0 | O32: 38395 | P32: Female | Q32: CSE | R32: 95 | S32: 2019 | T32: 96.6 | U32: 2021 | V32: 8.63 | W32: 81.3 | X32: 2025 | Y32: 0 | Z32: 0 | AA32: 21211a0531@bvrit.ac.in | AB32: rekhabavirti@gmail.com | AC32: 6302381056 | AD32: 9177425444 | AE32: KPIT | AF32: 0 | AG32: Plotno.9, Padma Sri nilayam, vivekanand Nagar colony, Kukatpally, Hyderabad | AH32: Bavirti Surya Prakash | AI32: 9.27 | AJ32: 8.27 | AK32: 8.14 | AL32: 0 | AM32: 8.63 | AN32: 8.63 | AO32: Convener | AQ32: : | AT32: Day Scholar
B33: 21211A0532 | C33: BEGARI | D33: RAGHAVI | E33: BEGARI RAGHAVI | F33: 0 | G33: 847239000000 | H33: - | I33: 320 | J33: - | K33: - | L33: Python, Cloud, Mobile Applications, C | M33: 31615 | N33: 0 | O33: 22-12-2003 | P33: Female | Q33: CSE | R33: 95 | S33: 2019 | T33: 97.4 | U33: 2021 | V33: 8.34 | W33: 78.4 | X33: 2025 | Y33: 0 | Z33: 0 | AA33: 21211A0532@bvrit.ac.in | AB33: raghavi221204@gmail.com | AC33: 9346770483 | AD33: 9866488393 | AE33: Accenture ASE | AF33: 0 | AG33: H.NO:-1-31 Indra Nagar colony.rudraram | AH33: Begari shivaramulu | AI33: 8.68 | AJ33: 8.27 | AK33: 8.27 | AL33: 0 | AM33: 8.38 | AN33: 8.34 | AO33: Convener | AQ33: : | AT33: Day Scholar
B34: 21211A0533 | C34: BEJUGAM | D34: SAI TEJA | E34: BEJUGAM SAITEJA | F34: 0 | G34: 607791000000 | H34: - | I34: 762 | J34: 5190 | K34: 5562 | L34: Data Sciences, Python, C,C++ | M34: 0 | N34: 0 | O34: 28-08-2003 | P34: Male | Q34: CSE | R34: 95 | S34: 2019 | T34: 97 | U34: 2021 | V34: 8.41 | W34: 79.1 | X34: 2025 | Y34: 0 | Z34: 0 | AA34: 21211A0533@bvrit.ac.in | AB34: saiteja12bejugam@gmail.com | AC34: 6303599340 | AD34: 9440215301 | AE34: Accenture ASE | AF34: 0 | AG34: 4-131, Gandhi nagar,rajapet (v),(m),yadadri bhuvanagiri | AH34: BEJUGAM CHANDRA SHEKAR | AI34: 8.57 | AJ34: 8.15 | AK34: 8.2 | AL34: 0 | AM34: 8.36 | AN34: 8.41 | AO34: Management | AQ34: : | AT34: Hosteller
B35: 21211A0534 | C35: BETHI | D35: ANIRUDH REDDY | E35: BETHI ANIRUDH REDDY | F35: 0 | G35: 715942000000 | H35: - | I35: 817 | J35: - | K35: - | L35: Data Sciences, Cyber Security, IoT, Block Chain, Python, Cloud, UX / UI, Mobile Applications, Extended Reality (AR / VR) | M35: 0 | N35: 0 | O35: 19-01-2003 | P35: Male | Q35: CSE | R35: 70 | S35: 2019 | T35: 88 | U35: 2021 | V35: 7.24 | W35: 67.4 | X35: 2025 | Y35: 0 | Z35: 1 | AA35: 21211A0534@bvrit.ac.in | AB35: anuanireddy19@gmail.com | AC35: 6304655163 | AD35: 9989094187 | AE35: 0 | AF35: 0 | AG35: Incois,pragathi Nagar,hyderabad | AH35: BETHI RAJA REDDY | AI35: 6.81 | AJ35: 7.44 | AK35: 7.34 | AL35: 0 | AM35: 7.2 | AN35: 7.24 | AO35: Management | AQ35: : | AT35: Day Scholar
B36: 21211A0535 | C36: SASIKANTH REDDY | D36: BHIMIREDDY | E36: SASIKANTH REDDY BHIMIREDDY | F36: 0 | G36: 290575000000 | H36: - | I36: 963 | J36: - | K36: - | L36: AI / ML, Data Sciences, Cyber Security, IoT, Block Chain, Python, Cloud, Big Data, UX / UI, Mobile Applications, Extended Reality (AR / VR) | M36: 0 | N36: 0 | O36: 15-08-2003 | P36: Male | Q36: CSE | R36: 97 | S36: 2019 | T36: 97.4 | U36: 2021 | V36: 8.15 | W36: 76.5 | X36: 2025 | Y36: 0 | Z36: 0 | AA36: 21211a0535@bvrit.ac.in | AB36: sasikanthbhimireddy@gmail.com | AC36: 8919162146 | AD36: 9550426999 | AE36: CORIZO-BDA | AF36: 0 | AG36: H. No 5-257,SR NAIK NAGAR, JEEDIMETLA, HYDERABAD- 500055 | AH36: SURENDRA REDDY BHIMIREDDY | AI36: 8.05 | AJ36: 8.24 | AK36: 8.27 | AL36: 0 | AM36: 8.15 | AN36: 8.15 | AO36: Management | AQ36: : | AT36: Day Scholar
B37: 21211A0536 | C37: BOLIBOTHULA | D37: VARUN | E37: BOLIBOTHULA VARUN | F37: 0 | G37: 653754000000 | H37: - | I37: - | J37: - | K37: - | L37: AI / ML, Data Sciences, Cloud, Extended Reality (AR / VR) | M37: 0 | N37: 0 | O37: 38109 | P37: Male | Q37: CSE | R37: 52 | S37: 2019 | T37: 87 | U37: 2021 | V37: 0 | W37: -5 | X37: 2025 | Y37: 16 | Z37: 14 | AA37: 21211a0536@bvrit.ac.in | AB37: rainvarun2004@gmail.com | AC37: 7995440955 | AD37: 9440220955 | AE37: 0 | AF37: 0 | AG37: Rainbow computers,pidched road,house no 7-119,gajwel,siddipet, Telangana | AH37: Bolibothula Srinivas | AI37: 0 | AJ37: 0 | AK37: 0 | AL37: 0 | AM37: 4.38 | AN37: 0 | AO37: Management | AQ37: : | AT37: Day Scholar
B38: 21211A0537 | C38: BOLLAM | D38: MANIDEEP | E38: BOLLAM MANIDEEP | F38: 0 | G38: 324007000000 | H38: - | I38: - | J38: - | K38: - | L38: AI / ML, Data Sciences, Cyber Security, IoT, Block Chain, Python, Cloud, Big Data, UX / UI, Mobile Applications, Extended Reality (AR / VR) | M38: 25146 | N38: 0 | O38: 25-06-2003 | P38: Male | Q38: CSE | R38: 97 | S38: 2019 | T38: 87 | U38: 2021 | V38: 7.69 | W38: 71.9 | X38: 2025 | Y38: 0 | Z38: 0 | AA38: 21211a0537@bvrit.ac.in | AB38: manideepbollam07@gmail.com | AC38: 9390925019 | AD38: 9441938941 | AE38: 0 | AF38: 0 | AG38: H-NO 143-A Block Area Gangadara,Mandal: Gangadhara | AH38: BOLLAM SRINIVAS | AI38: 7.95 | AJ38: 7.39 | AK38: 7.14 | AL38: 0 | AM38: 7.63 | AN38: 7.69 | AO38: Convener | AQ38: : | AT38: Hosteller
B39: 21211A0538 | C39: Bommena | D39: Aravind | E39: BOMMENA ARAVIND | F39: 0 | G39: 437016000000 | H39: - | I39: 1271 | J39: - | K39: - | L39: AI / ML, Cloud, Extended Reality (AR / VR), Game designing | M39: 11730 | N39: 0 | O39: 37803 | P39: Male | Q39: CSE | R39: 92 | S39: 2019 | T39: 73 | U39: 2021 | V39: 7.6 | W39: 71 | X39: 2025 | Y39: 0 | Z39: 1 | AA39: 21211a0538@bvrit.ac.in | AB39: aravindaravind04740@gmail.com | AC39: 9704254982 | AD39: 9441560571 | AE39: 0 | AF39: 0 | AG39: H-No .2-33 Chelmeda Mdl:Ramayampet Dist:Medal | AH39: BOMMENA MALLESH | AI39: 7.35 | AJ39: 7.54 | AK39: 7.52 | AL39: 0 | AM39: 7.51 | AN39: 7.6 | AO39: Convener | AQ39: : | AT39: Hosteller
B40: 21211A0539 | C40: BOMMISHETTY | D40: VAMSHI | E40: BOMMISHETTT VAMSHI | F40: 0 | G40: 411180000000 | H40: - | I40: - | J40: - | K40: - | L40: Cyber Security, Block Chain, Python, Cloud, Mobile Applications | M40: 20302 | N40: 0 | O40: 22-05-2002 | P40: Male | Q40: CSE | R40: 95 | S40: 2019 | T40: 96 | U40: 2021 | V40: 0 | W40: -5 | X40: 2025 | Y40: 0 | Z40: 2 | AA40: 21211a0539@bvrit.ac.in | AB40: bvamshivamshi22@gmail.com | AC40: 6304314963 | AD40: 9963851326 | AE40: 0 | AF40: 0 | AG40: Narsapur | AH40: BOMMISHETTY KOMARAIAH | AI40: 7.97 | AJ40: 7.73 | AK40: 7.3 | AL40: 0 | AM40: 7.56 | AN40: 0 | AO40: Convener | AQ40: : | AT40: Day Scholar
B41: 21211A0540 | C41: BOOJALA | D41: KIRAN REDDY | E41: BOOJALA KIRAN REDDY | F41: 0 | G41: 664992000000 | H41: - | I41: - | J41: - | K41: - | L41: AI / ML, Python, Cloud, Web Development | M41: 8943 | N41: 0 | O41: 38085 | P41: Male | Q41: CSE | R41: 98 | S41: 2019 | T41: 97 | U41: 2021 | V41: 8.98 | W41: 84.8 | X41: 2025 | Y41: 0 | Z41: 0 | AA41: 21211a0540@bvrit.ac.in | AB41: kiranreddy.b0408@gmail.com | AC41: 9390476853 | AD41: 9618448115 | AE41: Accenture ASE & INFOSYS1-SE | AF41: 0 | AG41: 3-98/1,jain thirumalapur,gopalpet,wanaparthy,509103 | AH41: BOOJALA RAMAKRISHNA REDDY | AI41: 9.57 | AJ41: 8.9 | AK41: 8.27 | AL41: 0 | AM41: 8.98 | AN41: 8.98 | AO41: Convener | AQ41: : | AT41: Hosteller
B42: 21211A0541 | C42: PRANAY | D42: BOOLA | E42: PRANAY BOOLA | F42: 0 | G42: 810027000000 | H42: - | I42: 728 | J42: - | K42: - | L42: AI / ML, Data Sciences, Python, Cloud, Mobile Applications, WEB DEVELOPMENT | M42: 31865 | N42: 0 | O42: 29-12-2003 | P42: Male | Q42: CSE | R42: 83.4 | S42: 2019 | T42: 88.6 | U42: 2021 | V42: 8.23 | W42: 77.3 | X42: 2025 | Y42: 0 | Z42: 0 | AA42: 21211A0541@bvrit.ac.in | AB42: pranayboola@gmail.com | AC42: 9515742463 | AD42: 9652474610 | AE42: Accenture ASE | AF42: 0 | AG42: OLD MIG 1780 ,BHEL HYDERABAD 500032 | AH42: BOOLA MOHANA PRASAD | AI42: 8.27 | AJ42: 8.41 | AK42: 8.52 | AL42: 0 | AM42: 8.39 | AN42: 8.23 | AO42: Convener | AQ42: : | AT42: Day Scholar
B43: 21211A0542 | C43: BOYA | D43: SAI RAM | E43: BOYA SAI RAM | F43: 0 | G43: 265819000000 | H43: - | I43: - | J43: - | K43: - | L43: AI / ML, Cyber Security, Block Chain, Python, Mobile Applications | M43: 14030 | N43: 0 | O43: 37714 | P43: Male | Q43: CSE | R43: 95 | S43: 2019 | T43: 98 | U43: 2021 | V43: 9.06 | W43: 85.6 | X43: 2025 | Y43: 0 | Z43: 0 | AA43: 21211a0542@bvrit.ac.in | AB43: sairam89373@gmail.com | AC43: 9849413155 | AD43: 9550669930 | AE43: FRUGAL TESTING | AF43: FRUGAL TESTING | AG43: 12-4-126/A pragati nagar Kukatpally Hyderabad | AH43: BOYA KRISHNA | AI43: 9.49 | AJ43: 8.93 | AK43: 9.05 | AL43: 0 | AM43: 9.13 | AN43: 9.06 | AO43: Convener | AQ43: : | AT43: Day Scholar
B44: 21211A0543 | C44: KARTHIK REDDY | D44: BUCHIREDDY GARI | E44: BUCHIREDDY GARI KARTHIK REDDY | F44: 0 | G44: 336781000000 | H44: - | I44: - | J44: - | K44: - | L44: AI / ML, Data Sciences, Cyber Security, IoT, Python, Mobile Applications, Extended Reality (AR / VR) | M44: 0 | N44: 0 | O44: 28-07-2003 | P44: Male | Q44: CSE | R44: 71.2 | S44: 2019 | T44: 85 | U44: 2021 | V44: 0 | W44: -5 | X44: 2025 | Y44: 6 | Z44: 8 | AA44: 21211a0543@bvrit.ac.in | AB44: b.karthikreddy287@gmail.com | AC44: 7288073616 | AD44: 9440723973 | AE44: 0 | AF44: 0 | AG44: Plot no:70, Chanakyapuri colony, Shanthinagar, Sangareddy | AH44: BUCHIREDDY GARI BHOOPAL REDDY | AI44: 7.32 | AJ44: 0 | AK44: 0 | AL44: 0 | AM44: 5.62 | AN44: 0 | AO44: Management | AQ44: : | AT44: Day Scholar
B45: 21211A0544 | C45: BUSIM NAGA | D45: SIDDU KATHIK | E45: BUSIM NAGA SIDDU KARTHIK | F45: 0 | G45: 399505000000 | H45: - | I45: 822 | J45: - | K45: - | L45: Data Sciences, Python, Cloud, UX / UI, Mobile Applications, Web Development | M45: 7523 | N45: 0 | O45: 38049 | P45: Male | Q45: CSE | R45: 97 | S45: 2019 | T45: 89.8 | U45: 2021 | V45: 8.48 | W45: 79.8 | X45: 2025 | Y45: 0 | Z45: 0 | AA45: 21211A0544@bvrit.ac.in | AB45: ks5043583@gmail.com | AC45: 9030788579 | AD45: 9959811144 | AE45: TECH MAHINDRA & LTI MINDTREE & CORIZO-BDA | AF45: 0 | AG45: D-9 road no 4 brundavan hills pragati nagar HYD | AH45: Busim laxmi vara prasad | AI45: 8.3 | AJ45: 8.83 | AK45: 8.55 | AL45: 0 | AM45: 8.49 | AN45: 8.48 | AO45: Convener | AQ45: : | AT45: Day Scholar
B46: 21211A0545 | C46: BUTTAGALLA | D46: VINOD | E46: BUTTAGALLA VINOD | F46: 0 | G46: 340361000000 | H46: - | I46: - | J46: - | K46: - | L46: Data Sciences, Python | M46: 24771 | N46: 0 | O46: 37289 | P46: Male | Q46: CSE | R46: 93 | S46: 2019 | T46: 92.8 | U46: 2021 | V46: 7.62 | W46: 71.2 | X46: 2025 | Y46: 0 | Z46: 0 | AA46: 21211a0545@bvrit.ac.in | AB46: vinodbuttagalla@gmail.com | AC46: 7995423141 | AD46: 9392854843 | AE46: 0 | AF46: 0 | AG46: H.no-1-14; pothireddypalli, sangareddy | AH46: BUTTAGALLA SATHAIAH | AI46: 7.49 | AJ46: 6.98 | AK46: 8.25 | AL46: 0 | AM46: 7.6 | AN46: 7.62 | AO46: Convener | AQ46: : | AT46: Day Scholar
B47: 21211A0546 | C47: BYATHOL | D47: ANURADHA | E47: BYATHOL ANURADHA | F47: 0 | G47: 234958000000 | H47: - | I47: 613 | J47: - | K47: - | L47: AI / ML, Data Sciences, IoT, Block Chain, Python, Cloud, Big Data, UX / UI, Mobile Applications | M47: 23968 | N47: 0 | O47: 18-03-2005 | P47: Female | Q47: CSE | R47: 98 | S47: 2019 | T47: 97.8 | U47: 2021 | V47: 9.13 | W47: 86.3 | X47: 2025 | Y47: 0 | Z47: 0 | AA47: 21211a0546@bvrit.ac.in | AB47: anuradhabyathol@gmail.com | AC47: 9494929279 | AD47: 9989867970 | AE47: Accenture ASE & LTI MINDTREE & COGNIZANT-GENC | AF47: DBS | AG47: H.No: 5-5-14/A1, MAQDOOM NAGAR, SANGAREDDY | AH47: BYATHOL SANJEEVA | AI47: 9.49 | AJ47: 9.15 | AK47: 9.09 | AL47: 0 | AM47: 9.13 | AN47: 9.13 | AO47: Convener | AQ47: : | AT47: Day Scholar
B48: 21211A0547 | C48: CHINTAKUNTA | D48: DURGA PRASAD REDDY | E48: CHINTAKUNTA DURGA PRASAD REDDY | F48: 0 | G48: 433767000000 | H48: - | I48: - | J48: - | K48: - | L48: AI / ML, Data Sciences, Cyber Security, Python, Cloud, Mobile Applications | M48: 0 | N48: 0 | O48: 38177 | P48: Male | Q48: CSE | R48: 81 | S48: 2019 | T48: 78 | U48: 2021 | V48: 7.62 | W48: 71.2 | X48: 2025 | Y48: 0 | Z48: 0 | AA48: 21211a0547@bvrit.ac.in | AB48: durgachintakunta@gmail.com | AC48: 9390999758 | AD48: 9848064779 | AE48: 0 | AF48: 0 | AG48: Villa no-9, GVMR Crown Imperial, near sanjeeva reddy gardens,bollarum,secundrabad,500010 | AH48: CHINTAKUNTA SRIDHAR REDDY | AI48: 7.35 | AJ48: 7.66 | AK48: 0 | AL48: 0 | AM48: 7.62 | AN48: 7.62 | AO48: Management | AQ48: : | AT48: Day Scholar
B49: 21211A0548 | C49: C | D49: KARTHIK | E49: C KARTHIK | F49: 0 | G49: 903711000000 | H49: - | I49: - | J49: - | K49: - | L49: AI / ML, Data Sciences, Python, WEB DEVELOPMENT | M49: 9320 | N49: 0 | O49: 38150 | P49: Male | Q49: CSE | R49: 95.8 | S49: 2019 | T49: 96.8 | U49: 2021 | V49: 8.94 | W49: 84.4 | X49: 2025 | Y49: 0 | Z49: 0 | AA49: 21211a0548@bvrit.ac.in | AB49: ckarthik3336@gmail.com | AC49: 8897171517 | AD49: 9949726872 | AE49: MODAK & Accenture ASE & TECH MAHINDRA & OPTUM | AF49: NITK | AG49: NARAYANADRI HEIGHTS, ROAD NO.7C,NIZAMPET, HYDERABAD, 500090 | AH49: C RAVIPRASAD | AI49: 8.95 | AJ49: 9.07 | AK49: 9.14 | AL49: 0 | AM49: 8.97 | AN49: 8.94 | AO49: Convener | AQ49: : | AT49: Day Scholar
B50: 21211A0549 | C50: CHEDURUPALLY | D50: VENUGOPAL | E50: CHEDURUPALLY VENUGOPAL | F50: 0 | G50: 917069000000 | H50: - | I50: 240 | J50: - | K50: - | L50: AI / ML, Data Sciences, Python, Big Data | M50: 29883 | N50: 0 | O50: 37257 | P50: Male | Q50: CSE | R50: 95 | S50: 2018 | T50: 79.1 | U50: 2020 | V50: 0 | W50: -5 | X50: 2025 | Y50: 4 | Z50: 5 | AA50: 21211a0549@bvrit.ac.in | AB50: phoebevenu@gmail.com | AC50: 9705424373 | AD50: 9705424373 | AE50: 0 | AF50: 0 | AG50: Achampet, Nagarkarnool (Dist) | AH50: CHEDURUPALLY BALAIAH | AI50: 7.11 | AJ50: 0 | AK50: 0 | AL50: 0 | AM50: 6.47 | AN50: 0 | AO50: Convener | AQ50: : | AT50: Hosteller
B51: 21211A0550 | C51: CHADA | D51: ACHYUTH KUMAR | E51: CHADA ACHYUTH KUMAR | F51: 0 | G51: 755978000000 | H51: - | I51: - | J51: - | K51: - | L51: AI / ML, Data Sciences, Cyber Security, IoT, Block Chain, Python, Cloud, Big Data, Mobile Applications, Extended Reality (AR / VR), Quantum computing | M51: 8884 | N51: 0 | O51: 38114 | P51: Male | Q51: CSE | R51: 75 | S51: 2019 | T51: 68 | U51: 2021 | V51: 7.07 | W51: 65.7 | X51: 2025 | Y51: 0 | Z51: 0 | AA51: 21211a0550@bvrit.ac.in | AB51: achyuthkumarchada07@gmail.com | AC51: 8341999123 | AD51: 9948108221 | AE51: CORIZO1-BOE | AF51: 0 | AG51: Flat No 502, C-Block, Jewel Gardens, • Miyapur, Back Side Police Station, Miyapur, K.v. Rangareddy, Telangana, 500049 | AH51: Chada Nagabhushan, | AI51: 7.57 | AJ51: 7.39 | AK51: 6.5 | AL51: 0 | AM51: 7.16 | AN51: 7.07 | AO51: Convener | AQ51: : | AT51: Day Scholar
B52: 21211A0551 | C52: CHAGANTI | D52: SANTHOSH KUMAR REDDY | E52: CHAGANTI SANTHOSH KUMAR REDDY | F52: 0 | G52: 653443000000 | H52: - | I52: - | J52: - | K52: - | L52: AI / ML, Data Sciences, Python, Cloud, Big Data, Mobile Applications, Web development | M52: 3455 | N52: 0 | O52: 37628 | P52: Male | Q52: CSE | R52: 100 | S52: 2019 | T52: 97.9 | U52: 2021 | V52: 9.23 | W52: 87.3 | X52: 2025 | Y52: 0 | Z52: 0 | AA52: 21211a0551@bvrit.ac.in | AB52: santhoshchaganti897@gmail.com | AC52: 9182757161 | AD52: 9441111897 | AE52: LTI MINDTREE | AF52: 0 | AG52: 4-3,Ramadasupeta Village, Garladinne Mandal, Ananthapur District, Andhra Pradesh. | AH52: CHAGANTI SURENDRA REDDY | AI52: 9.19 | AJ52: 9.51 | AK52: 9.09 | AL52: 0 | AM52: 9.2 | AN52: 9.23 | AO52: Convener | AQ52: : | AT52: Hosteller
B53: 21211A0552 | C53: CHAKALI | D53: VAISHNAVI | E53: CHAKALI VAISHNAVI | F53: 0 | G53: 690761000000 | H53: - | I53: 167 | J53: - | K53: - | L53: Data Sciences, IoT, Python | M53: 19658 | N53: 0 | O53: 37780 | P53: Female | Q53: CSE | R53: 92 | S53: 2019 | T53: 94 | U53: 2021 | V53: 7.62 | W53: 71.2 | X53: 2025 | Y53: 0 | Z53: 0 | AA53: 21211a0552@bvrit.ac.in | AB53: vaishnavigopal@gmail.com | AC53: 7702745230 | AD53: 9989230784 | AE53: 0 | AF53: 0 | AG53: H,no 6-185/8, shankerpally, Ranga Reddy district | AH53: Chakali gopal | AI53: 8.3 | AJ53: 7.76 | AK53: 7.82 | AL53: 0 | AM53: 7.66 | AN53: 7.62 | AO53: Convener | AQ53: : | AT53: Day Scholar
B54: 21211A0553 | C54: PRANEETH | D54: CHANDA | E54: CHANDA PRANEETH | F54: 0 | G54: 734504000000 | H54: - | I54: 1060 | J54: 6191 | K54: 6425 | L54: AI / ML, Data Sciences, Python | M54: 0 | N54: 0 | O54: 18-08-2003 | P54: Male | Q54: CSE | R54: 100 | S54: 2019 | T54: 92 | U54: 2021 | V54: 8.14 | W54: 76.4 | X54: 2025 | Y54: 0 | Z54: 0 | AA54: 21211a0553@bvrit.ac.in | AB54: praneeth.lucky44@gmail.com | AC54: 9154851175 | AD54: 9849497001 | AE54: LTI MINDTREE & INFOSYS-SE | AF54: 0 | AG54: 4-2-213/6/a/1,bhoomnagar,Peddapalli,505172 | AH54: Chanda Srinivas | AI54: 8.49 | AJ54: 8.1 | AK54: 8.55 | AL54: 0 | AM54: 8.21 | AN54: 8.14 | AO54: Management | AQ54: : | AT54: Hosteller
B55: 21211A0554 | C55: VISHWA DHANUSH | D55: CH | E55: CHANDRAKANTI VISHWA DHANUSH | F55: 0 | G55: 780262000000 | H55: - | I55: 731 | J55: - | K55: - | L55: AI / ML, Data Sciences, Python, Cloud | M55: 19238 | N55: 0 | O55: 21-06-2003 | P55: Male | Q55: CSE | R55: 93 | S55: 2019 | T55: 93.8 | U55: 2021 | V55: 7.73 | W55: 72.3 | X55: 2025 | Y55: 0 | Z55: 0 | AA55: 21211a0554@bvrit.ac.in | AB55: vishwadhanushch@gmail.com | AC55: 7075367367 | AD55: 7799224242 | AE55: 0 | AF55: 0 | AG55: H.No. 2-37/42, Near Hanuman Temple, Ootpally Village, Shamshabad - 501218. | AH55: CHANDRAKNATI DHANUNJAYA | AI55: 7.59 | AJ55: 8.07 | AK55: 8.34 | AL55: 0 | AM55: 7.82 | AN55: 7.73 | AO55: Convener | AQ55: : | AT55: Day Scholar
B56: 21211A0555 | C56: PRUTHVIRAJ | D56: CHAUHAN | E56: PRUTHVIRAJ CHAUHAN | F56: 0 | G56: 316022000000 | H56: - | I56: 635 | J56: - | K56: - | L56: AI / ML, Data Sciences, Python, C | M56: 22520 | N56: 0 | O56: 29-11-2003 | P56: Male | Q56: CSE | R56: 98 | S56: 2019 | T56: 94.6 | U56: 2021 | V56: 8.42 | W56: 79.2 | X56: 2025 | Y56: 0 | Z56: 0 | AA56: 21211a0555@bvrit.ac.in | AB56: prithvirajchauhan2003@gmail.com | AC56: 9704182381 | AD56: 9704060929 | AE56: Accenture ADV ASE & INFOSYS-1 | AF56: 0 | AG56: 6-3-35/1/A, Raghavendra Nagar colony, sadasivapet | AH56: CHANDER CHAUHAN | AI56: 8.16 | AJ56: 7.93 | AK56: 8.59 | AL56: 0 | AM56: 8.4 | AN56: 8.42 | AO56: Convener | AQ56: : | AT56: Day Scholar
B57: 21211A0556 | C57: CHERUKU | D57: ALANKRUTHA REDDY | E57: CHERUKU ALANKRUTHA REDDY | F57: 0 | G57: 551039000000 | H57: - | I57: -216 | J57: - | K57: - | L57: AI / ML, Data Sciences, Cyber Security, Cloud, Big Data | M57: 6677 | N57: 0 | O57: 37875 | P57: Female | Q57: CSE | R57: 93 | S57: 2019 | T57: 94.6 | U57: 2021 | V57: 7.89 | W57: 73.9 | X57: 2025 | Y57: 0 | Z57: 0 | AA57: 21211a0556@bvrit.ac.in | AB57: cherukualankruthareddy@gmail.com | AC57: 7569395741 | AD57: 9912267320 | AE57: LTI MINDTREE | AF57: 0 | AG57: HNO:10-1-17/2/A,RAMNAGARA, KARIMNAGAR | AH57: CHERUKU SRINIVAS REDDY | AI57: 8.19 | AJ57: 7.95 | AK57: 0 | AL57: 0 | AM57: 7.89 | AN57: 7.89 | AO57: Convener | AQ57: : | AT57: Hosteller
B58: 21211A0557 | C58: DIVIJA | D58: CHIGULLAPALLY | E58: DIVIJA CHIGULLAPALLY | F58: 0 | G58: 782749000000 | H58: - | I58: 881 | J58: - | K58: - | L58: Python, C programming | M58: 9124 | N58: 0 | O58: 31-01-2003 | P58: Female | Q58: CSE | R58: 98 | S58: 2019 | T58: 98 | U58: 2021 | V58: 8.67 | W58: 81.7 | X58: 2025 | Y58: 0 | Z58: 0 | AA58: 21211a0557@bvrit.ac.in | AB58: chigullapallydivija@gmail.com | AC58: 9951608167 | AD58: 9440232816 | AE58: Accenture ASE | AF58: 0 | AG58: Cherial, Siddipet | AH58: Chigullapally Krishna murthy | AI58: 8.76 | AJ58: 8.61 | AK58: 8.61 | AL58: 0 | AM58: 8.7 | AN58: 8.67 | AO58: Convener | AQ58: : | AT58: Hosteller
B59: 21211A0558 | C59: VISHWAS | D59: SHASTRY | E59: VISHWAS SHASTRY | F59: 0 | G59: 975834000000 | H59: - | I59: 992 | J59: 5554 | K59: 6002 | L59: Data Sciences, IoT, Python, Cloud, Mobile Applications, C | M59: 7408 | N59: 0 | O59: 37897 | P59: Male | Q59: CSE | R59: 95 | S59: 2018 | T59: 95 | U59: 2020 | V59: 8.18 | W59: 76.8 | X59: 2025 | Y59: 0 | Z59: 0 | AA59: 21211a0558@bvrit.ac.in | AB59: shastryvishwas310@gmail.com | AC59: 8897912212 | AD59: 9030848574 | AE59: Accenture ASE & LTI MINDTREE & COGNIZANT-GENC & INFOSYS1-SE | AF59: 0 | AG59: 2-5-80/1, Brahmanwada,bada talab,ashok road, adilabad, adilabad. | AH59: Vishwas Shastry | AI59: 8.03 | AJ59: 8.22 | AK59: 8.11 | AL59: 0 | AM59: 8.18 | AN59: 8.18 | AO59: Convener | AQ59: : | AT59: Hosteller
B60: 21211A0559 | C60: CHILUVERI | D60: RITHISH KUMAR | E60: CHILUVERI RITHISH KUMAR | F60: 0 | G60: 288151000000 | H60: - | I60: 895 | J60: 5769 | K60: 6054 | L60: Cyber Security, Python, Mobile Applications | M60: 0 | N60: 0 | O60: 25-06-2002 | P60: Male | Q60: CSE | R60: 95 | S60: 2019 | T60: 95 | U60: 2021 | V60: 8.3 | W60: 78 | X60: 2025 | Y60: 0 | Z60: 0 | AA60: 21211A0559@bvrit.ac.in | AB60: rithish25062002@gmail.com | AC60: 9951261338 | AD60: 9492851389 | AE60: 0 | AF60: 0 | AG60: H.no.5-3-586 Vidyanagar colony | AH60: CHILUVERI LINGA PRASAD | AI60: 8.41 | AJ60: 8.22 | AK60: 8.34 | AL60: 0 | AM60: 8.32 | AN60: 8.3 | AO60: Management | AQ60: : | AT60: Hosteller
B61: 21211A0560 | C61: CHILUVERU | D61: DHEERAJ | E61: CHILUVERU DHEERAJ | F61: 0 | G61: 703025000000 | H61: - | I61: 290 | J61: - | K61: - | L61: AI / ML, Data Sciences, Cyber Security, Python, Big Data | M61: 6296 | N61: 0 | O61: 38300 | P61: Male | Q61: CSE | R61: 98 | S61: 2019 | T61: 95.4 | U61: 2021 | V61: 8.16 | W61: 76.6 | X61: 2025 | Y61: 0 | Z61: 0 | AA61: 21211a0560@bvrit.ac.in | AB61: chiluverudheeraj@gmail.com | AC61: 7093821644 | AD61: 9849343592 | AE61: 0 | AF61: 0 | AG61: Teachers colony phase 2 ,waddepally,hanamkonda, warangal | AH61: CHILUVERU HARI PRASAD | AI61: 8.76 | AJ61: 8.05 | AK61: 8.34 | AL61: 0 | AM61: 8.28 | AN61: 8.16 | AO61: Convener | AQ61: : | AT61: Hosteller
B62: 21211A0561 | C62: CHINDAM | D62: DEEPIKA | E62: CHINDAM DEEPIKA | F62: 0 | G62: 890473000000 | H62: - | I62: 584 | J62: - | K62: - | L62: AI / ML, Data Sciences, Python, Cloud, Big Data | M62: 11127 | N62: 0 | O62: 31-03-2004 | P62: Female | Q62: CSE | R62: 95 | S62: 2019 | T62: 98.6 | U62: 2021 | V62: 8.92 | W62: 84.2 | X62: 2025 | Y62: 0 | Z62: 0 | AA62: 21211a0561@bvrit.ac.in | AB62: deepikachindam2004@gmail.com | AC62: 7569498780 | AD62: 9177339445 | AE62: Accenture ASE & TECH MAHINDRA & KPIT & LTI MINDTREE & REALPAGE & INFOSYS1-SE | AF62: REALPAGE | AG62: 11-29,Om Vihar Colony, Medipally,Medchal Malkajgiri dist, Telangana,500098 | AH62: CHINDAM NARSIMHA MURTHY | AI62: 9.03 | AJ62: 9.22 | AK62: 9.14 | AL62: 0 | AM62: 9.04 | AN62: 8.92 | AO62: Convener | AQ62: : | AT62: Hosteller
B63: 21211A0562 | C63: CHITNENI | D63: VAISHNAVI | E63: CHITNENI VAISHNAVI | F63: 0 | G63: 771722000000 | H63: - | I63: - | J63: - | K63: - | L63: Data Sciences, Python, C, java | M63: 0 | N63: 0 | O63: 37897 | P63: Female | Q63: CSE | R63: 46.6 | S63: 2019 | T63: 52.1 | U63: 2021 | V63: 0 | W63: -5 | X63: 2025 | Y63: 8 | Z63: 14 | AA63: 21211a0562@bvrit.ac.in | AB63: 21211a0562@bvrit.ac.in | AC63: 8247866481 | AD63: 9989022252 | AE63: 0 | AF63: 0 | AG63: Hyderabad, nizampet high tention line road, sriandal enclave | AH63: Chitneni Anil Rao | AI63: 0 | AJ63: 0 | AK63: 0 | AL63: 0 | AM63: 3.96 | AN63: 0 | AO63: Management | AQ63: : | AT63: Day Scholar
B64: 21211A0563 | C64: VENKATESH | D64: CHOPPADHANDI | E64: VENKATESH CHOPPADHANDI | F64: 0 | G64: 690005000000 | H64: - | I64: 1100 | J64: 6049 | K64: 6337 | L64: AI / ML, Data Sciences, Python, C language | M64: 0 | N64: 0 | O64: 16-03-2003 | P64: Male | Q64: CSE | R64: 98 | S64: 2019 | T64: 95 | U64: 2021 | V64: 8.34 | W64: 78.4 | X64: 2025 | Y64: 0 | Z64: 0 | AA64: 21211A0563@bvrit.ac.in | AB64: venkychoppadhandi2@gmail.com | AC64: 9182046104 | AD64: 9866864624 | AE64: RNTBCI | AF64: 0 | AG64: 4-1-97, Lal Khaman, Sunargally, Siddipet | AH64: SRINIVAS CHOPPADHANDI | AI64: 8.97 | AJ64: 8.61 | AK64: 8.07 | AL64: 0 | AM64: 8.37 | AN64: 8.34 | AO64: Management | AQ64: : | AT64: Hosteller
B65: 21211A0564 | C65: DAIDA | D65: PRAMODH | E65: DAIDA PRAMODH | F65: 0 | G65: 646083000000 | H65: - | I65: 499 | J65: - | K65: - | L65: Python | M65: 29841 | N65: 0 | O65: 38174 | P65: Male | Q65: CSE | R65: 90.25 | S65: 2019 | T65: 95 | U65: 2021 | V65: 7.85 | W65: 73.5 | X65: 2025 | Y65: 0 | Z65: 0 | AA65: 21211a0564@bvrit.ac.in | AB65: pandupramodh77@gmail.com | AC65: 9704903605 | AD65: 9866287439 | AE65: CORIZO-BDA | AF65: 0 | AG65: 1-33/1 ragaboinagudem,yellandu,bhadradri kothagudem | AH65: DAIDA SHANKAR | AI65: 7.41 | AJ65: 7.78 | AK65: 7.45 | AL65: 0 | AM65: 7.81 | AN65: 7.85 | AO65: Convener | AQ65: : | AT65: Hosteller
B66: 21211A0565 | C66: KEERTHI PRADANYA | D66: DAKARAPU | E66: DAKARAPU KEERTHI PRADANYA | F66: 0 | G66: 435078000000 | H66: - | I66: 698 | J66: - | K66: - | L66: Python | M66: 27814 | N66: 0 | O66: 13-11-2003 | P66: Female | Q66: CSE | R66: 88 | S66: 2019 | T66: 96 | U66: 2021 | V66: 8.44 | W66: 79.4 | X66: 2025 | Y66: 0 | Z66: 0 | AA66: 21211a0565@bvrit.ac.in | AB66: keerthipradanya@gmail.com | AC66: 6301757985 | AD66: 9849552997 | AE66: 0 | AF66: 0 | AG66: H NO EWS-901 BHARATH NAGAR COLONY | AH66: D.RAMA KOTESWARA RAO | AI66: 7.41 | AJ66: 8.15 | AK66: 8.14 | AL66: 0 | AM66: 8.4 | AN66: 8.44 | AO66: Convener | AQ66: : | AT66: Day Scholar
B67: 22215A0501 | C67: ABHINAV | D67: JASTA | E67: ABHINAV JASTA | F67: 0 | G67: 280903000000 | H67: - | I67: - | J67: - | K67: - | L67: Data Sciences, Block Chain, Python, Mobile Applications | M67: 0 | N67: 672 | O67: 37654 | P67: Male | Q67: CSE | R67: 92 | S67: 2019 | T67: 78 | U67: 2022 | V67: 0 | W67: -5 | X67: 2025 | Y67: 1 | Z67: 0 | AA67: 22215a0501@bvrit.ac.in | AB67: abhinavjasta04@gmail.com | AC67: 8367000123 | AD67: 9640996099 | AE67: INFOSYS-SE | AF67: 0 | AG67: Plot no.304,Sri Venkateswara Towers,Hills Colony,Dmart side lane, Vansthalipuram, Hyderabad,500070. | AH67: Jasta Chinna Venkateswarlu | AI67: 0 | AJ67: 0 | AK67: 7.8 | AL67: 0 | AM67: 7.88 | AN67: 0 | AO67: Convener | AQ67: : | AT67: Hosteller
B68: 22215A0502 | C68: JAKKULA | D68: AISHWARYA | E68: JAKKULA AISHWARYA | F68: 0 | G68: 342292000000 | H68: - | I68: - | J68: - | K68: - | L68: Data Sciences | M68: 0 | N68: 1025 | O68: 25-09-2004 | P68: Female | Q68: CSE | R68: 95 | S68: 2019 | T68: 83 | U68: 2022 | V68: 7.52 | W68: 70.2 | X68: 2025 | Y68: 0 | Z68: 0 | AA68: 22215a0502@bvrit.ac.in | AB68: aishwaryajakkula25@gmail.com | AC68: 9640009911 | AD68: 9440055704 | AE68: 0 | AF68: 0 | AG68: 10-1-86,Shivaji nagar, nizamabad | AH68: Jakkula ravinder | AI68: 0 | AJ68: 0 | AK68: 7.86 | AL68: 0 | AM68: 7.62 | AN68: 7.52 | AO68: Management | AQ68: : | AT68: Hosteller
B69: 22215A0503 | C69: DIRRI | D69: AKHILA | E69: DIRRI AKHILA | F69: 0 | G69: 860708000000 | H69: - | I69: - | J69: - | K69: - | L69: Python | M69: 0 | N69: 2077 | O69: 15-12-2000 | P69: Female | Q69: CSE | R69: 78 | S69: 2016 | T69: 70 | U69: 2021 | V69: 7 | W69: 65 | X69: 2025 | Y69: 0 | Z69: 0 | AA69: 22215a0503@bvrit.ac.in | AB69: akhiladirri@gmail.com | AC69: 9381020163 | AD69: 9989704561 | AE69: 0 | AF69: 0 | AG69: 2-12/1 | AH69: D.Chandra Shekar | AI69: 0 | AJ69: 0 | AK69: 0 | AL69: 0 | AM69: 7.17 | AN69: 7 | AO69: Convener | AQ69: : | AT69: Day Scholar
B70: 22215A0504 | C70: ANIRUDH | D70: VOLKI | E70: VOLKI ANIRUDH | F70: 0 | G70: 600468000000 | H70: - | I70: - | J70: - | K70: - | L70: AI / ML, Data Sciences, Cyber Security, Block Chain, Python, Mobile Applications | M70: 11362 | N70: 1443 | O70: 28-05-2004 | P70: Male | Q70: CSE | R70: 65 | S70: 2019 | T70: 61 | U70: 2022 | V70: 7.04 | W70: 65.4 | X70: 2025 | Y70: 0 | Z70: 0 | AA70: 22215a0504@bvrit.ac.in | AB70: anirudh.volki2004@gmail.com | AC70: 7702845323 | AD70: 8790823241 | AE70: 0 | AF70: 0 | AG70: 1-9-16/27 medi Bai basti, Ramnagar, Hyderabad | AH70: VOLKI Ajay Kumar | AI70: 0 | AJ70: 0 | AK70: 0 | AL70: 0 | AM70: 7.11 | AN70: 7.04 | AO70: Management | AQ70: : | AT70: Day Scholar
B71: 22215A0505 | C71: GUGLOTH | D71: ARUNA | E71: GUGLOTH ARUNA | F71: 0 | G71: 481035000000 | H71: - | I71: - | J71: - | K71: - | L71: Python, Java,c++ | M71: 0 | N71: 902 | O71: 37596 | P71: Female | Q71: CSE | R71: 80 | S71: 2019 | T71: 85.7 | U71: 2022 | V71: 7.5 | W71: 70 | X71: 2025 | Y71: 0 | Z71: 0 | AA71: 22215A0505@bvrit.ac.in | AB71: arunagugloth7@gmail.com | AC71: 7036807574 | AD71: 9505388921 | AE71: 0 | AF71: 0 | AG71: H.no 3-78, vill-pochammaral ,Mandal-Haveli Ghanpur, district-Medak, pin code -502113 | AH71: GUGLOTH VITTAL | AI71: 0 | AJ71: 0 | AK71: 0 | AL71: 0 | AM71: 7.43 | AN71: 7.5 | AO71: Management | AQ71: : | AT71: Hosteller
B72: 22215A0506 | C72: MAGGIDI | D72: ARVIND | E72: MAGGIDI ARVIND | F72: 0 | G72: 512386000000 | H72: - | I72: - | J72: - | K72: - | L72: AI / ML, Block Chain, Python, Cloud, Mobile Applications, JAVA | M72: 11401 | N72: 1447 | O72: 37508 | P72: Male | Q72: CSE | R72: 77 | S72: 2018 | T72: 61 | U72: 2022 | V72: 7.54 | W72: 70.4 | X72: 2025 | Y72: 0 | Z72: 0 | AA72: 22215a0506@bvrit.ac.in | AB72: aravindmaggidi143@gmail.com | AC72: 7995635903 | AD72: 9550080517 | AE72: 0 | AF72: 0 | AG72: H. No: 3-10 Vill: Patha Yellapur Mdl: Khanapur Dist: Nirmal Pin: 504203 | AH72: MAGGIDI VIJEYA | AI72: 0 | AJ72: 0 | AK72: 0 | AL72: 0 | AM72: 7.41 | AN72: 7.54 | AO72: Convener | AQ72: : | AT72: Day Scholar
B73: 22215A0507 | C73: NAMPELLI | D73: GANGOTHRI | E73: NAMPELLI GANGOTHRI | F73: 0 | G73: 585319000000 | H73: - | I73: - | J73: - | K73: - | L73: Python, Java | M73: 737 | N73: 737 | O73: 22-08-2004 | P73: Female | Q73: CSE | R73: 93 | S73: 2019 | T73: 83 | U73: 2022 | V73: 8.04 | W73: 75.4 | X73: 2025 | Y73: 0 | Z73: 0 | AA73: 22215A0507@bvrit.ac.in | AB73: nampelligangothri8@gmail.com | AC73: 9515967813 | AD73: 9949431332 | AE73: 0 | AF73: 0 | AG73: Vill :venkatagiri,Mdl:Ramadugu,Dist: Karimnagar | AH73: Nampelli Rajesham | AI73: 0 | AJ73: 0 | AK73: 7.48 | AL73: 0 | AM73: 7.98 | AN73: 8.04 | AO73: Convener | AQ73: : | AT73: Hosteller
B74: 21211A0566 | C74: DARAM | D74: SOWMYA | E74: DARAM SOWMYA | F74: 0 | G74: 751473000000 | H74: - | I74: - | J74: - | K74: - | L74: AI / ML, Data Sciences, Cyber Security, IoT, Block Chain, Python, Cloud, Big Data, UX / UI, Mobile Applications, Extended Reality (AR / VR) | M74: 6829 | N74: 0 | O74: 37930 | P74: Female | Q74: CSE | R74: 95 | S74: 2019 | T74: 98.6 | U74: 2021 | V74: 9.27 | W74: 87.7 | X74: 2025 | Y74: 0 | Z74: 0 | AA74: 21211a0566@bvrit.ac.in | AB74: daramsowmya5@gmail.com | AC74: 8247721649 | AD74: 9391174262 | AE74: TECH MAHINDRA & OPTUM | AF74: 0 | AG74: 6-407/1, manikyanagar,chinthal, qutupulapur, Hyderabad | AH74: Daram srinivasulu | AI74: 9.76 | AJ74: 8.95 | AK74: 9.27 | AL74: 0 | AM74: 9.32 | AN74: 9.27 | AO74: Convener | AQ74: : | AT74: Day Scholar
B75: 21211A0567 | C75: DASARI SUBBAYYAGARI | D75: NANDHU SAGAR | E75: DASARI SUBBAYYAGARI NANDHU SAGAR | F75: 0 | G75: 498312000000 | H75: - | I75: - | J75: - | K75: - | L75: AI / ML, Cyber Security, IoT, Python, Cloud, Mobile Applications, Devops,aws | M75: 0 | N75: 0 | O75: 27-10-2003 | P75: Male | Q75: CSE | R75: 90 | S75: 2019 | T75: 78.8 | U75: 2021 | V75: 7.6 | W75: 71 | X75: 2025 | Y75: 0 | Z75: 0 | AA75: 21211a0567@bvrit.ac.in | AB75: sagarnandhu27@gmail.com | AC75: 7416706735 | AD75: 9951740455 | AE75: COGNIZANT-GENC | AF75: 0 | AG75: Plot no 49 godavari homes suchitra | AH75: D S Satyaiah | AI75: 7.32 | AJ75: 6.95 | AK75: 7.02 | AL75: 0 | AM75: 7.45 | AN75: 7.6 | AO75: Management | AQ75: : | AT75: Day Scholar
B76: 21211A0568 | C76: KOUSTHUBHA | D76: DEBBATA | E76: KOUSTHUBHA DEBBATA | F76: 0 | G76: 724906000000 | H76: - | I76: - | J76: - | K76: - | L76: AI / ML, Data Sciences, Cyber Security, IoT, Block Chain, Python, Cloud, Big Data, UX / UI, Mobile Applications, Extended Reality (AR / VR) | M76: 9113 | N76: 0 | O76: 27-03-2004 | P76: Male | Q76: CSE | R76: 97 | S76: 2019 | T76: 94.4 | U76: 2021 | V76: 8.6 | W76: 81 | X76: 2025 | Y76: 0 | Z76: 0 | AA76: 21211a0568@bvrit.ac.in | AB76: koustubhad27@gmail.com | AC76: 9014200285 | AD76: 9866226660 | AE76: Accenture ASE | AF76: 0 | AG76: G3, Manasa Paradise, KVR Rainbow Colony, Bachupally, Hyderabad. | AH76: RAVI KUMAR DEBBATA | AI76: 8.3 | AJ76: 8.71 | AK76: 8.64 | AL76: 0 | AM76: 8.55 | AN76: 8.6 | AO76: Convener | AQ76: : | AT76: Day Scholar
B77: 21211A0569 | C77: Deepthi Priyadarshini | D77: .p | E77: DEEPTHI PRIYADARSHINI.P | F77: 0 | G77: 614047000000 | H77: - | I77: - | J77: - | K77: - | L77: Python | M77: 90676 | N77: 0 | O77: 37843 | P77: Female | Q77: CSE | R77: 75 | S77: 2019 | T77: 86 | U77: 2021 | V77: 7.87 | W77: 73.7 | X77: 2025 | Y77: 0 | Z77: 0 | AA77: 21211A0569@bvrit.ac.in | AB77: deepthipriyadarshini0310@gmail.com | AC77: 9948224411 | AD77: 9948223311 | AE77: 0 | AF77: 0 | AG77: Bhanur vil. H no. (6-21) | AH77: SRI HARI.P | AI77: 8.05 | AJ77: 7.34 | AK77: 0 | AL77: 0 | AM77: 7.81 | AN77: 7.87 | AO77: Convener | AQ77: : | AT77: Day Scholar
B78: 21211A0570 | C78: DENDI | D78: MOKSHITH REDDY | E78: DENDI MOKSHITH REDDY | F78: 0 | G78: 893244000000 | H78: - | I78: - | J78: - | K78: - | L78: AI / ML, Data Sciences, Cyber Security, IoT, Block Chain, Python, Cloud, Big Data, UX / UI, Mobile Applications, Extended Reality (AR / VR) | M78: 32812 | N78: 0 | O78: 38144 | P78: Male | Q78: CSE | R78: 83 | S78: 2019 | T78: 63 | U78: 2021 | V78: 0 | W78: -5 | X78: 2025 | Y78: 7 | Z78: 8 | AA78: 21211a0570@bvrit.ac.in | AB78: mokshithreddy2004@gmail.com | AC78: 7330812585 | AD78: 9000658425 | AE78: 0 | AF78: 0 | AG78: 301, Sai Ganesh Residency, friends colony,miyapur, opposite -Raos high school, Hyderabad, Telangana 500049 | AH78: Dendi Chandana | AI78: 0 | AJ78: 0 | AK78: 0 | AL78: 0 | AM78: 4.92 | AN78: 0 | AO78: Convener | AQ78: : | AT78: Day Scholar
B79: 21211A0571 | C79: Deshavath | D79: Naveen | E79: Deshavath Naveen | F79: 0 | G79: 899310000000 | H79: - | I79: - | J79: - | K79: - | L79: Data Sciences, Cyber Security, Python, Cloud, Mobile Applications | M79: 29636 | N79: 0 | O79: 37297 | P79: Male | Q79: CSE | R79: 73 | S79: 2019 | T79: 55 | U79: 2021 | V79: 0 | W79: -5 | X79: 2025 | Y79: 1 | Z79: 4 | AA79: 21211a0571@bvrit.ac.in | AB79: deshavathnaveen2020@gmail.com | AC79: 9391956915 | AD79: 9963634655 | AE79: 0 | AF79: 0 | AG79: Uppununthala bo | AH79: Deshavath shankar | AI79: 5.86 | AJ79: 0 | AK79: 0 | AL79: 0 | AM79: 5.9 | AN79: 0 | AO79: Convener | AQ79: : | AT79: Day Scholar
B80: 21211A0572 | C80: DHULIPALLA | D80: PARVATHI | E80: DHULIPALLA NAGA PARVATHI | F80: 0 | G80: 662845000000 | H80: - | I80: - | J80: - | K80: - | L80: AI / ML, Data Sciences, Cyber Security, Python, Cloud, Big Data, UX / UI, Mobile Applications, Full stack web development | M80: 8605 | N80: 0 | O80: 26-04-2003 | P80: Female | Q80: CSE | R80: 92 | S80: 2019 | T80: 98.6 | U80: 2021 | V80: 9.17 | W80: 86.7 | X80: 2025 | Y80: 0 | Z80: 0 | AA80: 21211A0572@bvrit.ac.in | AB80: dparvathi1890@gmail.com | AC80: 7995861240 | AD80: 9493554286 | AE80: STATESTREET | AF80: STATESTREET | AG80: H.NO-410, DIAMOND PALACE OPPOSITE SRI SRI HOLISTIC HOSPITAL,NIZAMPET-X-ROADS, HYDERABAD | AH80: DHULIPALLA GIRIBABU | AI80: 9.76 | AJ80: 9.07 | AK80: 9 | AL80: 0 | AM80: 9.2 | AN80: 9.17 | AO80: Convener | AQ80: : | AT80: Day Scholar
B81: 21211A0573 | C81: HARI HARAN | D81: DIDDI | E81: DIDDI HARI HARAN | F81: 0 | G81: 857067000000 | H81: - | I81: 1226 | J81: 5517 | K81: 5527 | L81: AI / ML, Python, Cloud, Big Data, Mobile Applications | M81: 8681 | N81: 0 | O81: 21-09-2003 | P81: Male | Q81: CSE | R81: 98 | S81: 2019 | T81: 96.2 | U81: 2021 | V81: 9 | W81: 85 | X81: 2025 | Y81: 0 | Z81: 0 | AA81: 21211a0573@bvrit.ac.in | AB81: hariharandiddi@gmail.com | AC81: 9888922267 | AD81: 9963608839 | AE81: BIGWORKS & LTI MINDTREE & COGNIZANT-GENC | AF81: DBS | AG81: Balaji towers flat no 108, Aliabad, Shamirpet, Medchal district, Telangana state, pincode: 500078 | AH81: DIDDI HARI HARAN | AI81: 8.92 | AJ81: 9.15 | AK81: 8.8 | AL81: 0 | AM81: 9 | AN81: 9 | AO81: Convener | AQ81: : | AT81: Hosteller
B82: 21211A0574 | C82: PRANATHI | D82: REDDY | E82: DODLE PRANATHI REDDY | F82: 0 | G82: 412451000000 | H82: - | I82: - | J82: - | K82: - | L82: AI / ML, Data Sciences, Cyber Security, IoT, Block Chain, Python, Cloud, Big Data, UX / UI, Mobile Applications, Extended Reality (AR / VR), C | M82: 0 | N82: 0 | O82: 38109 | P82: Female | Q82: CSE | R82: 89.6 | S82: 2019 | T82: 87.2 | U82: 2021 | V82: 8.88 | W82: 83.8 | X82: 2025 | Y82: 0 | Z82: 0 | AA82: 21211a0574@bvrit.ac.in | AB82: pranathidodle@gmail.com | AC82: 8328679741 | AD82: 9441077146 | AE82: CORIZO-BDA | AF82: 0 | AG82: 2-2-127/3/II , LAKSHMI ENCLAVE, PANCHSHEEL ROAD , MACHA BOLLARAM, ALWAL | AH82: Dodle Bhoopal reddy | AI82: 9.16 | AJ82: 8.46 | AK82: 8.5 | AL82: 0 | AM82: 8.83 | AN82: 8.88 | AO82: Convener | AQ82: : | AT82: Day Scholar
B83: 21211A0575 | C83: DOMAKONDA | D83: NANDINI | E83: DOMAKONDA NANDINI | F83: 0 | G83: 957484000000 | H83: - | I83: - | J83: - | K83: - | L83: AI / ML, Data Sciences, Cyber Security, IoT, Python | M83: 28131 | N83: 0 | O83: 20-06-2003 | P83: Female | Q83: CSE | R83: 97 | S83: 2019 | T83: 87 | U83: 2021 | V83: 7.82 | W83: 73.2 | X83: 2025 | Y83: 0 | Z83: 1 | AA83: 21211a0575@bvrit.ac.in | AB83: nandudomakonda@gmail.com | AC83: 9959200704 | AD83: 9652404810 | AE83: 0 | AF83: 0 | AG83: Village:Kothaplly, Mandal:Gambhiraopet, District:Rajanna Siricilla | AH83: DOMAKONDA SURENDAR | AI83: 7.35 | AJ83: 7.49 | AK83: 8.05 | AL83: 7.66 | AM83: 7.42 | AN83: 7.82 | AO83: Convener | AQ83: : | AT83: Hosteller
B84: 21211A0576 | C84: DULAM | D84: ABHINAV GOUD | E84: DULAM ABHINAV GOUD | F84: 0 | G84: 789784000000 | H84: - | I84: - | J84: - | K84: - | L84: AI / ML, Data Sciences, Cyber Security, Python, Cloud, Mobile Applications | M84: 12495 | N84: 0 | O84: 37872 | P84: Male | Q84: CSE | R84: 100 | S84: 2019 | T84: 98 | U84: 2021 | V84: 9.04 | W84: 85.4 | X84: 2025 | Y84: 0 | Z84: 0 | AA84: 21211a0576@bvrit.ac.in | AB84: abhinavgouddulam@gmail.com | AC84: 6300066289 | AD84: 9441672295 | AE84: 0 | AF84: DBS | AG84: H NO 2-41, Kachireddypalli, Gangadhara Mandal, Kachireddipalle, Karimnagar ,Telangana - 505445 | AH84: DULAM MARUTHI | AI84: 9.22 | AJ84: 8.76 | AK84: 8.59 | AL84: 0 | AM84: 8.99 | AN84: 9.04 | AO84: Convener | AQ84: : | AT84: Hosteller
B85: 21211A0577 | C85: KARTHIK GOUD | D85: DURGAM | E85: DURGAM KARTHIK GOUD | F85: 0 | G85: 362450000000 | H85: - | I85: 1040 | J85: 5130 | K85: 4890 | L85: AI / ML, Data Sciences, Cyber Security, IoT, Block Chain, Python, Cloud, Mobile Applications | M85: 13984 | N85: 0 | O85: 37775 | P85: Male | Q85: CSE | R85: 95 | S85: 2019 | T85: 98 | U85: 2021 | V85: 8.22 | W85: 77.2 | X85: 2025 | Y85: 0 | Z85: 0 | AA85: 21211a0577@bvrit.ac.in | AB85: karthikdurgam468@gmail.com | AC85: 9347281537 | AD85: 9177191375 | AE85: Accenture ASE & COGNIZANT-GENC | AF85: 0 | AG85: 1-1-11, fathenagar,medak | AH85: Durgam Ravi | AI85: 8.22 | AJ85: 7.78 | AK85: 8.07 | AL85: 0 | AM85: 8.22 | AN85: 8.22 | AO85: Convener | AQ85: : | AT85: Day Scholar
B86: 21211A0578 | C86: E | D86: HARITHA | E86: E.HARITHA | F86: 0 | G86: 448953000000 | H86: - | I86: - | J86: - | K86: - | L86: AI / ML, Data Sciences, Python | M86: 13035 | N86: 0 | O86: 18-05-2003 | P86: Female | Q86: CSE | R86: 93 | S86: 2019 | T86: 96 | U86: 2021 | V86: 8.8 | W86: 83 | X86: 2025 | Y86: 0 | Z86: 0 | AA86: 21211a0578@bvrit.ac.in | AB86: harithagoud0506@gmail.com | AC86: 9959476606 | AD86: 7093256574 | AE86: CORIZO-BDA | AF86: 0 | AG86: 1-9 veerampally mahaboob Nagar | AH86: E.Anjilaiha Goud | AI86: 9.08 | AJ86: 8.71 | AK86: 8.59 | AL86: 0 | AM86: 8.84 | AN86: 8.8 | AO86: Convener | AQ86: : | AT86: Hosteller
B87: 21211A0579 | C87: SAI PRADEEP | D87: EDARA | E87: SAI PRADEEP EDARA | F87: 0 | G87: 631828000000 | H87: - | I87: 1460 | J87: 5884 | K87: 5946 | L87: AI / ML, Mobile Applications, Data structures | M87: 5124 | N87: 0 | O87: 22-07-2004 | P87: Male | Q87: CSE | R87: 93 | S87: 2019 | T87: 94 | U87: 2021 | V87: 8.68 | W87: 81.8 | X87: 2025 | Y87: 0 | Z87: 0 | AA87: 21211a0579@bvrit.ac.in | AB87: edarasaipradeep@gmail.com | AC87: 9121943066 | AD87: 9985373066 | AE87: TECH MAHINDRA & INFOSYS1-SE | AF87: 0 | AG87: Satuluru,Nadendla,Guntur,Andhrapradesh | AH87: EDARA ADIYYA | AI87: 8.76 | AJ87: 8.85 | AK87: 8.7 | AL87: 0 | AM87: 8.73 | AN87: 8.68 | AO87: Convener | AQ87: : | AT87: Hosteller
B88: 21211A0580 | C88: BALAKRISHNA | D88: EMMADI | E88: BALAKRISHNA EMMADI | F88: 0 | G88: 250744000000 | H88: - | I88: - | J88: - | K88: - | L88: AI / ML, Data Sciences, Python | M88: 12348 | N88: 0 | O88: 15-10-2003 | P88: Male | Q88: CSE | R88: 100 | S88: 2019 | T88: 96 | U88: 2021 | V88: 8.77 | W88: 82.7 | X88: 2025 | Y88: 0 | Z88: 0 | AA88: 21211a0580@bvrit.ac.in | AB88: balagmastro15@gmail.com | AC88: 8247536369 | AD88: 9949263530 | AE88: INFOSYS-SE | AF88: 0 | AG88: kasnathanda, khammam | AH88: Nagulmeera Emmadi | AI88: 8.7 | AJ88: 8.76 | AK88: 9.16 | AL88: 0 | AM88: 8.76 | AN88: 8.77 | AO88: Convener | AQ88: : | AT88: Hosteller
B89: 21211A0581 | C89: ERAGADINLA | D89: ACHYUT | E89: ERAGADINLA ACHYUT | F89: 0 | G89: 581921000000 | H89: - | I89: - | J89: - | K89: - | L89: AI / ML, Data Sciences, Cyber Security, Python, Cloud, Big Data, Mobile Applications | M89: 17675 | N89: 0 | O89: 27-06-2003 | P89: Male | Q89: CSE | R89: 90 | S89: 2019 | T89: 96 | U89: 2021 | V89: 8.15 | W89: 76.5 | X89: 2025 | Y89: 0 | Z89: 0 | AA89: 21211a0581@bvrit.ac.in | AB89: achyut84658@gmail.com | AC89: 6303912631 | AD89: 7981198945 | AE89: LTI MINDTREE & INFOSYS-SE | AF89: 0 | AG89: H NO 4-51-116, MAQDUM NAGAR, JAGATHGIRI GUTTA | AH89: ERAGADINLA RAMESH | AI89: 8.32 | AJ89: 8.07 | AK89: 8.14 | AL89: 0 | AM89: 8.18 | AN89: 8.15 | AO89: Convener | AQ89: : | AT89: Day Scholar
B90: 21211A0582 | C90: EMMANUEL | D90: GABRIEL | E90: GABRIEL EMMANUEL | F90: 0 | G90: 524130000000 | H90: - | I90: 1034 | J90: 4986 | K90: 4986 | L90: C,Java,SQL, HTML, CSS, Javascript | M90: 15774 | N90: 0 | O90: 23-02-2003 | P90: Male | Q90: CSE | R90: 88 | S90: 2019 | T90: 95.6 | U90: 2021 | V90: 8.36 | W90: 78.6 | X90: 2025 | Y90: 0 | Z90: 0 | AA90: 21211a0582@bvrit.ac.in | AB90: gemmanuel70323@gmail.com | AC90: 7032304365 | AD90: 8328243054 | AE90: Accenture ASE | AF90: 0 | AG90: 357/a allwyn colony phase 2 kukatpally | AH90: Gabriel christopher | AI90: 8.92 | AJ90: 8.56 | AK90: 8.07 | AL90: 0 | AM90: 8.35 | AN90: 8.36 | AO90: Management | AQ90: : | AT90: Day Scholar
B91: 21211A0583 | C91: GAJJALA LIKHITH | D91: REDDY | E91: GAJJALA LIKHITH REDDY | F91: 0 | G91: 597508000000 | H91: - | I91: - | J91: - | K91: - | L91: AI / ML, Data Sciences, Python | M91: 8639 | N91: 0 | O91: 37656 | P91: Male | Q91: CSE | R91: 98 | S91: 2018 | T91: 97.3 | U91: 2020 | V91: 8.94 | W91: 84.4 | X91: 2025 | Y91: 0 | Z91: 0 | AA91: 21211a0583@bvrit.ac.in | AB91: likhith1600@gmail.com | AC91: 7013222541 | AD91: 8099380275 | AE91: Accenture ASE & LTI MINDTREE & COGNIZANT-GENC & INFOSYS1-SE | AF91: 0 | AG91: H.no:105, Road no:4, Vemana Reddy Colony, Chandannagar, Hyderabad | AH91: GAJJALA PARAMESWARA REDDY | AI91: 9.16 | AJ91: 9.2 | AK91: 8.95 | AL91: 0 | AM91: 8.91 | AN91: 8.94 | AO91: Convener | AQ91: : | AT91: Day Scholar
B92: 21211A0584 | C92: GALI | D92: BHAVYA | E92: GALI BHAVYA | F92: 0 | G92: 300454000000 | H92: - | I92: 552 | J92: - | K92: - | L92: Python, Mobile Applications, C Programming, Web Development | M92: 25535 | N92: 0 | O92: 21-09-2004 | P92: Female | Q92: CSE | R92: 97 | S92: 2019 | T92: 97.2 | U92: 2021 | V92: 8.98 | W92: 84.8 | X92: 2025 | Y92: 0 | Z92: 0 | AA92: 21211a0584@bvrit.ac.in | AB92: bhavyagali4@gmail.com | AC92: 9010456145 | AD92: 9866019284 | AE92: Accenture ASE & LTI MINDTREE | AF92: 0 | AG92: J. P Colony, Patancheru, Sangareddy District | AH92: Gali Zakaraiah | AI92: 9.19 | AJ92: 8.93 | AK92: 8.61 | AL92: 0 | AM92: 8.93 | AN92: 8.98 | AO92: Convener | AQ92: : | AT92: Day Scholar
B93: 21211A0585 | C93: ALEKHYA | D93: GANDHAM | E93: ALEKHYA GANDHAM | F93: 0 | G93: 411070000000 | H93: - | I93: 944 | J93: 4511 | K93: 4298 | L93: AI / ML, Data Sciences, Cyber Security, Python, Cloud, Big Data, UX / UI, Mobile Applications, App development,web development | M93: 24188 | N93: 0 | O93: 37744 | P93: Female | Q93: CSE | R93: 90 | S93: 2019 | T93: 88 | U93: 2021 | V93: 8.98 | W93: 84.8 | X93: 2025 | Y93: 0 | Z93: 0 | AA93: 21211a0585@bvrit.ac.in | AB93: alekhyagandham9@gmail.com | AC93: 7702259510 | AD93: 9440443826 | AE93: COGNIZANT-GENC | AF93: 0 | AG93: 1-2-366/199, domalguda,himayathnagar,hyderabad | AH93: MOHAN GANDHAM | AI93: 9.43 | AJ93: 8.66 | AK93: 8.73 | AL93: 0 | AM93: 8.93 | AN93: 8.98 | AO93: Convener | AQ93: : | AT93: Day Scholar
B94: 21211A0586 | C94: GANDLA | D94: ABHILASH | E94: GANDLA ABHILASH | F94: 0 | G94: 656299000000 | H94: - | I94: - | J94: - | K94: - | L94: AI / ML, Data Sciences, Cyber Security, IoT, Block Chain, Python, Cloud, Big Data, UX / UI, Mobile Applications, Extended Reality (AR / VR) | M94: 12913 | N94: 0 | O94: 23-04-2004 | P94: Male | Q94: CSE | R94: 97 | S94: 2019 | T94: 94.2 | U94: 2021 | V94: 7.95 | W94: 74.5 | X94: 2025 | Y94: 0 | Z94: 0 | AA94: 21211a0586@bvrit.ac.in | AB94: gabhiabhilash586@gmail.com | AC94: 7981877371 | AD94: 8555916803 | AE94: Accenture ASE | AF94: 0 | AG94: s/o:Gandla Basalingappa,1-11,Kota, Karankote,Vikarabad,Telangana-501158 | AH94: Gandla Basalingappa | AI94: 8.43 | AJ94: 8.07 | AK94: 7.8 | AL94: 0 | AM94: 7.96 | AN94: 7.95 | AO94: Convener | AQ94: : | AT94: Hosteller
B95: 21211A0587 | C95: GANDLA | D95: ARUN KUMAR | E95: GANDLA ARUN KUMAR | F95: 0 | G95: 255828000000 | H95: - | I95: - | J95: - | K95: - | L95: AI / ML, Data Sciences, Cyber Security, Block Chain, Cloud | M95: 11914 | N95: 0 | O95: 37959 | P95: Male | Q95: CSE | R95: 97 | S95: 2019 | T95: 95 | U95: 2021 | V95: 8.1 | W95: 76 | X95: 2025 | Y95: 0 | Z95: 0 | AA95: 21211a0587@bvrit.ac.in | AB95: arunkumarsajjan.0@gmail.com | AC95: 7075703362 | AD95: 7032440491 | AE95: 0 | AF95: 0 | AG95: Zaheerabad, house no: 11-72,sbh colony, district:sangareddy | AH95: Arun Kumar | AI95: 7.81 | AJ95: 8.29 | AK95: 7.8 | AL95: 0 | AM95: 8.13 | AN95: 8.1 | AO95: Convener | AQ95: : | AT95: Hosteller
B96: 21211A0588 | C96: GANGAMALLU | D96: MERCY MADHURIMA REDDY | E96: GANGAMALLU MERCY MADHURIMA REDDY | F96: 0 | G96: 539631000000 | H96: - | I96: 659 | J96: - | K96: - | L96: Python, Mobile Applications, C,Web applications | M96: 7760 | N96: 0 | O96: 15-06-2003 | P96: Female | Q96: CSE | R96: 98 | S96: 2019 | T96: 97 | U96: 2021 | V96: 9.19 | W96: 86.9 | X96: 2025 | Y96: 0 | Z96: 0 | AA96: 21211A0588@bvrit.ac.in | AB96: mercyreddy776@gmail.com | AC96: 6305368678 | AD96: 9441092900 | AE96: TECH MAHINDRA | AF96: 0 | AG96: Vinayaknagar,Nizamabad | AH96: GANGAMALLU BHAGAVANTHA REDDY | AI96: 9.49 | AJ96: 8.9 | AK96: 9.09 | AL96: 0 | AM96: 9.22 | AN96: 9.19 | AO96: Convener | AQ96: : | AT96: Hosteller
B97: 21211A0589 | C97: RAGHUVEER CHAITANYA | D97: GANGAVARAPU | E97: GANGAVARAPU. RAGHUVEER CHAITANYA | F97: 0 | G97: 382460000000 | H97: - | I97: - | J97: - | K97: - | L97: AI / ML, Data Sciences, Cyber Security, IoT, Block Chain, Python, Cloud, Big Data, UX / UI, Mobile Applications, Extended Reality (AR / VR), Deep learning | M97: 0 | N97: 0 | O97: 37782 | P97: Male | Q97: CSE | R97: 95 | S97: 2019 | T97: 92 | U97: 2021 | V97: 7.17 | W97: 66.7 | X97: 2025 | Y97: 0 | Z97: 0 | AA97: 21211a0589@bvrit.ac.in | AB97: raghuveerchaitanya@gmail.com | AC97: 8125612369 | AD97: 9491540838 | AE97: 0 | AF97: 0 | AG97: H.NO:5-6-20/4/1, Pakabanda Bazar, Khammam KHAMMAM, TELANGANA 507001, INDIA. | AH97: GANGAVARAPU. SREEKANTH | AI97: 8.14 | AJ97: 7.73 | AK97: 6.57 | AL97: 0 | AM97: 7.15 | AN97: 7.17 | AO97: Convener | AQ97: : | AT97: Hosteller
B98: 21211A0590 | C98: Sreehitha | D98: Gantyala | E98: GANTYALA SREEHITHA | F98: 0 | G98: 459589000000 | H98: - | I98: - | J98: - | K98: - | L98: AI / ML, Data Sciences, Python, Mobile Applications | M98: 10093 | N98: 0 | O98: 14-04-2004 | P98: Female | Q98: CSE | R98: 98 | S98: 2019 | T98: 97.8 | U98: 2021 | V98: 9.19 | W98: 86.9 | X98: 2025 | Y98: 0 | Z98: 0 | AA98: 21211a0590@bvrit.ac.in | AB98: gantyalasreehitha@gmail.com | AC98: 8074839437 | AD98: 9505052259 | AE98: KPIT & BIGWORKS & LTI MINDTREE & INFOSYS-SE & COGNIZANT-GENC | AF98: 0 | AG98: Siddipet | AH98: GANTYALA VENKATESHAm | AI98: 9.76 | AJ98: 9.22 | AK98: 8.82 | AL98: 0 | AM98: 9.13 | AN98: 9.19 | AO98: Convener | AQ98: : | AT98: Hosteller
B99: 21211A0591 | C99: RAHUL | D99: GATLA | E99: RAHUL GATLA | F99: 0 | G99: 247693000000 | H99: - | I99: - | J99: - | K99: - | L99: AI / ML, Data Sciences, Python, Mobile Applications | M99: 9632 | N99: 0 | O99: 37930 | P99: Male | Q99: CSE | R99: 98 | S99: 2019 | T99: 97 | U99: 2021 | V99: 9.23 | W99: 87.3 | X99: 2025 | Y99: 0 | Z99: 0 | AA99: 21211a0591@bvrit.ac.in | AB99: gatlarahul8@gmail.com | AC99: 8639689100 | AD99: 9010171211 | AE99: Accenture ASE & LTI MINDTREE & RNTBCI & INFOSYS1-SE | AF99: 0 | AG99: 1-5-163/18/11 Bhagyanagar Jagtial Telangana | AH99: Gatla Kishan | AI99: 9.03 | AJ99: 9.22 | AK99: 8.86 | AL99: 0 | AM99: 9.16 | AN99: 9.23 | AO99: Management | AQ99: : | AT99: Hosteller
B100: 21211A0592 | C100: SRIJA | D100: GOLLAPALLY | E100: SRIJA GOLLAPALLY | F100: 0 | G100: 436578000000 | H100: - | I100: - | J100: - | K100: - | L100: AI / ML, Data Sciences, Cyber Security, IoT, Python, Cloud, Big Data, Mobile Applications | M100: 11124 | N100: 0 | O100: 37626 | P100: Female | Q100: CSE | R100: 100 | S100: 2019 | T100: 92.8 | U100: 2021 | V100: 8.95 | W100: 84.5 | X100: 2025 | Y100: 0 | Z100: 0 | AA100: 21211A0592@bvrit.ac.in | AB100: srijagollapally01@gmail.com | AC100: 7386222466 | AD100: 9848408968 | AE100: OPTUM & RNTBCI | AF100: 0 | AG100: CHOPPADANDI, KARMINAGAR | AH100: SHEKAR GOLLAPALLY | AI100: 9.51 | AJ100: 8.78 | AK100: 8.55 | AL100: 0 | AM100: 8.94 | AN100: 8.95 | AO100: Management | AQ100: : | AT100: Hosteller
...

Sheet Cagemini data
A1: S No | B1: Roll NO | C1: FNAME | D1: LNAME | E1: Name | F1: Section | G1: Seat type | H1: Faculty | I1: Counsellor | J1: UID | K1: CGPA | L1: APT-1 | M1: APT-2 | N1: APT-3 | O1: Special Training | P1: EAMCET | Q1: ECET | R1: DOB | S1: Gender | T1: Branch | U1: 10th % | V1: 10th YOP | W1: Inter / Dip % | X1: Inter YOP | Y1: CGPA | Z1: B. Tech % | AA1: UG YOP | AB1: Active Backlogs (IV-I) | AC1: BE History | AD1: College Email ID | AE1: Web email ID | AF1: Phone | AG1: Parent / Alternate Number | AH1: Offers | AI1: Intern | AJ1: offers1 | AK1: Address | AL1: Father Name | AM1: I-I CGPA | AN1: I-II CGPA | AO1: II-I CGPA | AP1: II-II CGPA | AQ1: III-I CGPA | AR1: III-II CGPA | AT1: Projects | AU1: Project Details | AW1: Certifications | AX1: Hosteller / Day Scholar | AY1: Remarks
A2: 1 | B2: 21211A0504 | C2: ABHINAV VARMA | D2: VEGESNA | E2: ABHINAV VARMA VEGESNA | F2: =VLOOKUP(B2,'Analysis data'!$B$2:$C$358,2,false) -> A | G2: =VLOOKUP(B2, 'Analysis data'!$B$2:$I$358, 8, FALSE) -> Management | H2: MS | I2: MS | J2: 471952000000 | K2: =VLOOKUP(B2,'Analysis data'!B:E,4,false) | L2: - | M2: - | N2: - | O2: AI / ML, Data Sciences, Python | P2: 0 | Q2: 0 | R2: 18-06-2003 | S2: Male | T2: CSE | U2: 65.6 | V2: 2019 | W2: 94 | X2: 2021 | Y2: 0 | Z2: -5 | AA2: 2025 | AB2: =VLOOKUP(B2,'Analysis data'!$B$1:$F$358,5,false) -> 2 | AC2: 4 | AD2: 21211a0504@bvrit.ac.in | AE2: abhinavvarmavegesna@gmail.com | AF2: 7989638007 | AG2: 9989484569 | AH2: 0 | AI2: 0 | AJ2: =VLOOKUP(B2,'Analysis data'!B:K,10,false) | AK2: Sri Pavithra recidency ,flat no.401,glr colony near old age home; nizampet | AL2: Venkata Siva Naga Srinivasa raju vegesna | AM2: 0 | AN2: 0 | AO2: 0 | AP2: 0 | AQ2: 5.92 | AR2: 0 | AU2: : | AX2: Day Scholar
A3: 2 | B3: 21211A0509 | C3: ADIYALA | D3: MADHUMITHA | E3: ADIYALA MADHUMITHA | F3: =VLOOKUP(B3,'Analysis data'!$B$2:$C$358,2,false) -> A | G3: =VLOOKUP(B3, 'Analysis data'!$B$2:$I$358, 8, FALSE) -> Convener | H3: PL | I3: MS | J3: 780590000000 | K3: =VLOOKUP(B3,'Analysis data'!B:E,4,false) -> 8.69 | L3: - | M3: - | N3: - | O3: AI / ML, Python, C ,Data Structures and Algorithms,Java | P3: 34431 | Q3: 0 | R3: 20-08-2004 | S3: Female | T3: CSE | U3: 97 | V3: 2019 | W3: 89 | X3: 2021 | Y3: 8.7 | Z3: 82 | AA3: 2025 | AB3: =VLOOKUP(B3,'Analysis data'!$B$1:$F$358,5,false) -> 0 | AC3: 0 | AD3: 21211A0509@bvrit.ac.in | AE3: madhumithavenkatreddyadiyala@gmail.com | AF3: 8977532025 | AG3: 8639216585 | AH3: 0 | AI3: 0 | AJ3: =VLOOKUP(B3,'Analysis data'!B:K,10,false) | AK3: Punya residency, Springfield colony, Srisai enclave road, jeedimetla,Petbasheerabad | AL3: Adiyala Thara | AM3: 8.76 | AN3: 8.39 | AO3: 8.86 | AP3: 0 | AQ3: 8.65 | AR3: 8.65 | AU3: : | AX3: Day Scholar
A4: 3 | B4: 21211A0513 | C4: AJMEERA | D4: SINDHUJA | E4: AJMEERA SINDHUJA | F4: =VLOOKUP(B4,'Analysis data'!$B$2:$C$358,2,false) -> A | G4: =VLOOKUP(B4, 'Analysis data'!$B$2:$I$358, 8, FALSE) -> Convener | H4: MS | I4: MS | J4: 648387000000 | K4: =VLOOKUP(B4,'Analysis data'!B:E,4,false) -> 7.78 | L4: 757 | M4: - | N4: - | O4: AI / ML, Data Sciences, Cyber Security, Python, Mobile Applications | P4: 26162 | Q4: 0 | R4: 30-09-2004 | S4: Female | T4: CSE | U4: 87 | V4: 2019 | W4: 90 | X4: 2021 | Y4: 7.8 | Z4: 73 | AA4: 2025 | AB4: =VLOOKUP(B4,'Analysis data'!$B$1:$F$358,5,false) -> 0 | AC4: 0 | AD4: 21211a0513@bvrit.ac.in | AE4: sindhujaajmeera@gmail.com | AF4: 6302184161 | AG4: 9652404797 | AH4: SEOAK | AI4: SEOAK | AJ4: =VLOOKUP(B4,'Analysis data'!B:K,10,false) -> SEOAK | AK4: Kothapally, karimnagar district | AL4: Mangya Nayak | AM4: 7.54 | AN4: 7.83 | AO4: 7.68 | AP4: 0 | AQ4: 7.7 | AR4: 7.77 | AU4: : | AX4: Hosteller
A5: 4 | B5: 21211A0514 | C5: AKULA | D5: VYSHNAVI | E5: AKULA VYSHNAVI | F5: =VLOOKUP(B5,'Analysis data'!$B$2:$C$358,2,false) -> A | G5: =VLOOKUP(B5, 'Analysis data'!$B$2:$I$358, 8, FALSE) -> Convener | H5: MS | I5: MS | J5: 520069000000 | K5: =VLOOKUP(B5,'Analysis data'!B:E,4,false) -> 8.04 | L5: 653 | M5: - | N5: - | O5: Data Sciences, Cyber Security, Python, Cloud, Big Data | P5: 20845 | Q5: 0 | R5: 18-06-2003 | S5: Female | T5: CSE | U5: 63.8 | V5: 2019 | W5: 93.2 | X5: 2021 | Y5: 8 | Z5: 75 | AA5: 2025 | AB5: =VLOOKUP(B5,'Analysis data'!$B$1:$F$358,5,false) -> 0 | AC5: 0 | AD5: 21211a0514@bvrit.ac.in | AE5: vyshnaviakula81@gmail.com | AF5: 7670847300 | AG5: 9010129232 | AH5: SEOAK | AI5: SEOAK | AJ5: =VLOOKUP(B5,'Analysis data'!B:K,10,false) -> SEOAK | AK5: VILLG: RACCHAPALLI, MDL: DHARMARAM, DIST: PEDDAPALLI | AL5: AKULA THIRUPATHI | AM5: 8.22 | AN5: 7.68 | AO5: 7.95 | AP5: 0 | AQ5: 7.89 | AR5: 8.02 | AU5: : | AX5: Hosteller
A6: 5 | B6: 21211A0518 | C6: ANNAPUREDDY | D6: ARUN KUMAR REDDY | E6: ANNAPUREDDY ARUN KUMAR REDDY | F6: =VLOOKUP(B6,'Analysis data'!$B$2:$C$358,2,false) -> A | G6: =VLOOKUP(B6, 'Analysis data'!$B$2:$I$358, 8, FALSE) -> Convener | H6: MS | I6: MS | J6: 420957000000 | K6: =VLOOKUP(B6,'Analysis data'!B:E,4,false) | L6: - | M6: - | N6: - | O6: Data Sciences | P6: 3470 | Q6: 0 | R6: 20-06-2003 | S6: Male | T6: CSE | U6: 92 | V6: 2019 | W6: 88.1 | X6: 2021 | Y6: 6.87 | Z6: 63.7 | AA6: 2025 | AB6: =VLOOKUP(B6,'Analysis data'!$B$1:$F$358,5,false) -> 1 | AC6: 0 | AD6: 21211A0518@bvrit.ac.in | AE6: arunkumarreddy354@gmail.com | AF6: 7671914536 | AG6: 9701278727 | AH6: 0 | AI6: 0 | AJ6: =VLOOKUP(B6,'Analysis data'!B:K,10,false) | AK6: H.No:701/B,2nd floor,1st phase,Allwyn colony, Kukatpally | AL6: ANNAPUREDDY ESWAR REDDY | AM6: 6.16 | AN6: 6.71 | AO6: 7.07 | AP6: 0 | AQ6: 6.78 | AR6: 6.76 | AU6: : | AX6: Day Scholar
A7: 6 | B7: 21211A0519 | C7: ANTHAREDDY | D7: TANVI REDDY | E7: ANTHAREDDY TANVI REDDY | F7: =VLOOKUP(B7,'Analysis data'!$B$2:$C$358,2,false) -> A | G7: =VLOOKUP(B7, 'Analysis data'!$B$2:$I$358, 8, FALSE) -> Management | H7: MS | I7: MS | J7: 954643000000 | K7: =VLOOKUP(B7,'Analysis data'!B:E,4,false) | L7: - | M7: - | N7: - | O7: AI / ML, Data Sciences, Cyber Security, IoT, Block Chain, Python, Cloud, Big Data, UX / UI, Mobile Applications, Extended Reality (AR / VR), Web management | P7: 0 | Q7: 0 | R7: 24-03-2004 | S7: Female | T7: CSE | U7: 97 | V7: 2019 | W7: 95.6 | X7: 2021 | Y7: 0 | Z7: -5 | AA7: 2025 | AB7: =VLOOKUP(B7,'Analysis data'!$B$1:$F$358,5,false) -> 1 | AC7: 0 | AD7: 21211a0519@bvrit.ac.in | AE7: tanvireddyanthareddy@gmail.com | AF7: 9704897815 | AG7: 8008509449 | AH7: 0 | AI7: 0 | AJ7: =VLOOKUP(B7,'Analysis data'!B:K,10,false) | AK7: Vinayak Nagar, Nizamabad | AL7: Anthareddy Karunakar Reddy | AM7: 8.03 | AN7: 8.2 | AO7: 8 | AP7: 0 | AQ7: 7.97 | AR7: 7.96 | AU7: : | AX7: Hosteller
A8: 7 | B8: 21211A0520 | C8: AREPUDI | D8: VINAY KUMAR | E8: AREPUDI VINAY KUMAR | F8: =VLOOKUP(B8,'Analysis data'!$B$2:$C$358,2,false) -> A | G8: =VLOOKUP(B8, 'Analysis data'!$B$2:$I$358, 8, FALSE) -> Convener | H8: MS | I8: MS | J8: 415421000000 | K8: =VLOOKUP(B8,'Analysis data'!B:E,4,false) -> 8.41 | L8: 576 | M8: - | N8: - | O8: AI / ML, Data Sciences, Python, C,C++ | P8: 14323 | Q8: 0 | R8: 27-08-2004 | S8: Male | T8: CSE | U8: 88.35 | V8: 2019 | W8: 93.8 | X8: 2021 | Y8: 8.4 | Z8: 79 | AA8: 2025 | AB8: =VLOOKUP(B8,'Analysis data'!$B$1:$F$358,5,false) -> 0 | AC8: 0 | AD8: 21211a0520@bvrit.ac.in | AE8: veneuday@gmail.com | AF8: 8247085538 | AG8: 8247085538 | AH8: 0 | AI8: 0 | AJ8: =VLOOKUP(B8,'Analysis data'!B:K,10,false) -> MRF | AK8: AMEENABAD VILLAGE,ANANTHAGIRI MANDAL,SURYAPET DIST,TELANGANA STATE. | AL8: AREPUDI NAGESWARRAO | AM8: 8.68 | AN8: 7.98 | AO8: 8 | AP8: 0 | AQ8: 8.23 | AR8: 8.33 | AU8: : | AX8: Hosteller
A9: 8 | B9: 21211A0525 | C9: BALAVARI | D9: VANESSA THANMAYI | E9: BALAVARI VANESSA THANMAYI | F9: =VLOOKUP(B9,'Analysis data'!$B$2:$C$358,2,false) -> A | G9: =VLOOKUP(B9, 'Analysis data'!$B$2:$I$358, 8, FALSE) -> Convener | H9: MS | I9: PD | J9: 939742000000 | K9: =VLOOKUP(B9,'Analysis data'!B:E,4,false) -> 8.58 | L9: 143 | M9: - | N9: - | O9: AI / ML, Data Sciences, Cyber Security, IoT, Cloud, Mobile Applications, Extended Reality (AR / VR) | P9: 15034 | Q9: 0 | R9: 22-09-2003 | S9: Female | T9: CSE | U9: 98 | V9: 2019 | W9: 94.4 | X9: 2021 | Y9: 8.6 | Z9: 81 | AA9: 2025 | AB9: =VLOOKUP(B9,'Analysis data'!$B$1:$F$358,5,false) -> 0 | AC9: 0 | AD9: 21211a0525@bvrit.ac.in | AE9: balavarivanessathanmayi@gmail.com | AF9: 9966922291 | AG9: 9885522291 | AH9: Accenture ASE & TECH MAHINDRA | AI9: 0 | AJ9: =VLOOKUP(B9,'Analysis data'!B:K,10,false) -> Accenture ASE & TECH MAHINDRA & CAPGEMINI-ANALYST | AK9: Karimnagar , Telangana India | AL9: BALAVARI JEEVAN KUMAR | AM9: 9.14 | AN9: 8.37 | AO9: 8.43 | AP9: 0 | AQ9: 8.58 | AR9: 8.6 | AU9: : | AX9: Hosteller
A10: 9 | B10: 21211A0527 | C10: BANDARI | D10: RAMCHARAN | E10: BANDARI RAMCHARAN | F10: =VLOOKUP(B10,'Analysis data'!$B$2:$C$358,2,false) -> A | G10: =VLOOKUP(B10, 'Analysis data'!$B$2:$I$358, 8, FALSE) -> Convener | H10: MB | I10: PD | J10: 950542000000 | K10: =VLOOKUP(B10,'Analysis data'!B:E,4,false) -> 8.25 | L10: 1019 | M10: 5365 | N10: 5394 | P10: 17815 | Q10: 0 | R10: 37751 | S10: Male | T10: CSE | U10: 98 | V10: 2019 | W10: 98 | X10: 2021 | Y10: 8.3 | Z10: 78 | AA10: 2025 | AB10: =VLOOKUP(B10,'Analysis data'!$B$1:$F$358,5,false) -> 0 | AC10: 0 | AD10: 21211a0527@bvrit.ac.in | AE10: ramcharanb93@gmail.com | AF10: 9398224596 | AG10: 9398224596 | AH10: OPENTEXT | AI10: OPENTEXT | AJ10: =VLOOKUP(B10,'Analysis data'!B:K,10,false) -> OPENTEXT | AK10: NARSAPUR, NARSAPUR, MEDHAK | AL10: BANDARI THIRUPATHI | AM10: 8.95 | AN10: 8.34 | AO10: 7.82 | AP10: 0 | AQ10: 8.32 | AR10: 8.27 | AU10: : | AX10: Day Scholar
A11: 10 | B11: 21211A0534 | C11: BETHI | D11: ANIRUDH REDDY | E11: BETHI ANIRUDH REDDY | F11: =VLOOKUP(B11,'Analysis data'!$B$2:$C$358,2,false) -> A | G11: =VLOOKUP(B11, 'Analysis data'!$B$2:$I$358, 8, FALSE) -> Management | H11: MS | I11: PD | J11: 715942000000 | K11: =VLOOKUP(B11,'Analysis data'!B:E,4,false) -> 7.29 | L11: 817 | M11: - | N11: - | O11: Data Sciences, Cyber Security, IoT, Block Chain, Python, Cloud, UX / UI, Mobile Applications, Extended Reality (AR / VR) | P11: 0 | Q11: 0 | R11: 19-01-2003 | S11: Male | T11: CSE | U11: 70 | V11: 2019 | W11: 88 | X11: 2021 | Y11: 7.3 | Z11: 68 | AA11: 2025 | AB11: =VLOOKUP(B11,'Analysis data'!$B$1:$F$358,5,false) -> 0 | AC11: 1 | AD11: 21211A0534@bvrit.ac.in | AE11: anuanireddy19@gmail.com | AF11: 6304655163 | AG11: 9989094187 | AH11: 0 | AI11: 0 | AJ11: =VLOOKUP(B11,'Analysis data'!B:K,10,false) -> CAPGEMINI-ANALYST | AK11: Incois,pragathi Nagar,hyderabad | AL11: BETHI RAJA REDDY | AM11: 6.81 | AN11: 7.44 | AO11: 7.34 | AP11: 0 | AQ11: 7.2 | AR11: 7.24 | AU11: : | AX11: Day Scholar
A12: 11 | B12: 21211A0535 | C12: SASIKANTH REDDY | D12: BHIMIREDDY | E12: SASIKANTH REDDY BHIMIREDDY | F12: =VLOOKUP(B12,'Analysis data'!$B$2:$C$358,2,false) -> A | G12: =VLOOKUP(B12, 'Analysis data'!$B$2:$I$358, 8, FALSE) -> Management | H12: MS | I12: PD | J12: 290575000000 | K12: =VLOOKUP(B12,'Analysis data'!B:E,4,false) -> 8.19 | L12: 963 | M12: - | N12: - | O12: AI / ML, Data Sciences, Cyber Security, IoT, Block Chain, Python, Cloud, Big Data, UX / UI, Mobile Applications, Extended Reality (AR / VR) | P12: 0 | Q12: 0 | R12: 15-08-2003 | S12: Male | T12: CSE | U12: 97 | V12: 2019 | W12: 97.4 | X12: 2021 | Y12: 8.2 | Z12: 77 | AA12: 2025 | AB12: =VLOOKUP(B12,'Analysis data'!$B$1:$F$358,5,false) -> 0 | AC12: 0 | AD12: 21211a0535@bvrit.ac.in | AE12: sasikanthbhimireddy@gmail.com | AF12: 8919162146 | AG12: 9550426999 | AH12: CORIZO-BDA & SEOAK | AI12: SEOAK | AJ12: =VLOOKUP(B12,'Analysis data'!B:K,10,false) -> CORIZO-BDA & SEOAK & COGNIZANT-OFF CAMPUS | AK12: H. No 5-257,SR NAIK NAGAR, JEEDIMETLA, HYDERABAD- 500055 | AL12: SURENDRA REDDY BHIMIREDDY | AM12: 8.05 | AN12: 8.24 | AO12: 8.27 | AP12: 0 | AQ12: 8.15 | AR12: 8.15 | AU12: : | AX12: Day Scholar
A13: 12 | B13: 21211A0537 | C13: BOLLAM | D13: MANIDEEP | E13: BOLLAM MANIDEEP | F13: =VLOOKUP(B13,'Analysis data'!$B$2:$C$358,2,false) -> A | G13: =VLOOKUP(B13, 'Analysis data'!$B$2:$I$358, 8, FALSE) -> Convener | H13: MS | I13: PD | J13: 324007000000 | K13: =VLOOKUP(B13,'Analysis data'!B:E,4,false) -> 7.75 | L13: - | M13: - | N13: - | O13: AI / ML, Data Sciences, Cyber Security, IoT, Block Chain, Python, Cloud, Big Data, UX / UI, Mobile Applications, Extended Reality (AR / VR) | P13: 25146 | Q13: 0 | R13: 25-06-2003 | S13: Male | T13: CSE | U13: 97 | V13: 2019 | W13: 87 | X13: 2021 | Y13: 7.8 | Z13: 73 | AA13: 2025 | AB13: =VLOOKUP(B13,'Analysis data'!$B$1:$F$358,5,false) -> 0 | AC13: 0 | AD13: 21211a0537@bvrit.ac.in | AE13: manideepbollam07@gmail.com | AF13: 9390925019 | AG13: 9441938941 | AH13: 0 | AI13: 0 | AJ13: =VLOOKUP(B13,'Analysis data'!B:K,10,false) | AK13: H-NO 143-A Block Area Gangadara,Mandal: Gangadhara | AL13: BOLLAM SRINIVAS | AM13: 7.95 | AN13: 7.39 | AO13: 7.14 | AP13: 0 | AQ13: 7.63 | AR13: 7.69 | AU13: : | AX13: Hosteller
A14: 13 | B14: 21211A0538 | C14: Bommena | D14: Aravind | E14: BOMMENA ARAVIND | F14: =VLOOKUP(B14,'Analysis data'!$B$2:$C$358,2,false) -> A | G14: =VLOOKUP(B14, 'Analysis data'!$B$2:$I$358, 8, FALSE) -> Convener | H14: DK | I14: PD | J14: 437016000000 | K14: =VLOOKUP(B14,'Analysis data'!B:E,4,false) -> 7.69 | L14: 1271 | M14: - | N14: - | O14: AI / ML, Cloud, Extended Reality (AR / VR), Game designing | P14: 11730 | Q14: 0 | R14: 37803 | S14: Male | T14: CSE | U14: 92 | V14: 2019 | W14: 73 | X14: 2021 | Y14: 7.7 | Z14: 72 | AA14: 2025 | AB14: =VLOOKUP(B14,'Analysis data'!$B$1:$F$358,5,false) -> 0 | AC14: 1 | AD14: 21211a0538@bvrit.ac.in | AE14: aravindaravind04740@gmail.com | AF14: 9704254982 | AG14: 9441560571 | AH14: SEOAK | AI14: SEOAK | AJ14: =VLOOKUP(B14,'Analysis data'!B:K,10,false) -> SEOAK & MRF | AK14: H-No .2-33 Chelmeda Mdl:Ramayampet Dist:Medal | AL14: BOMMENA MALLESH | AM14: 7.35 | AN14: 7.54 | AO14: 7.52 | AP14: 0 | AQ14: 7.51 | AR14: 7.6 | AU14: : | AX14: Hosteller
A15: 14 | B15: 21211A0539 | C15: BOMMISHETTY | D15: VAMSHI | E15: BOMMISHETTT VAMSHI | F15: =VLOOKUP(B15,'Analysis data'!$B$2:$C$358,2,false) -> A | G15: =VLOOKUP(B15, 'Analysis data'!$B$2:$I$358, 8, FALSE) -> Convener | H15: MS | I15: PD | J15: 411180000000 | K15: =VLOOKUP(B15,'Analysis data'!B:E,4,false) | L15: - | M15: - | N15: - | O15: Cyber Security, Block Chain, Python, Cloud, Mobile Applications | P15: 20302 | Q15: 0 | R15: 22-05-2002 | S15: Male | T15: CSE | U15: 95 | V15: 2019 | W15: 96 | X15: 2021 | Y15: 0 | Z15: -5 | AA15: 2025 | AB15: =VLOOKUP(B15,'Analysis data'!$B$1:$F$358,5,false) -> 1 | AC15: 2 | AD15: 21211a0539@bvrit.ac.in | AE15: bvamshivamshi22@gmail.com | AF15: 6304314963 | AG15: 9963851326 | AH15: 0 | AI15: 0 | AJ15: =VLOOKUP(B15,'Analysis data'!B:K,10,false) | AK15: Narsapur | AL15: BOMMISHETTY KOMARAIAH | AM15: 7.97 | AN15: 7.73 | AO15: 7.3 | AP15: 0 | AQ15: 7.49 | AR15: 0 | AU15: : | AX15: Day Scholar
A16: 15 | B16: 21211A0542 | C16: BOYA | D16: SAI RAM | E16: BOYA SAI RAM | F16: =VLOOKUP(B16,'Analysis data'!$B$2:$C$358,2,false) -> A | G16: =VLOOKUP(B16, 'Analysis data'!$B$2:$I$358, 8, FALSE) -> Convener | H16: MB | I16: PD | J16: 265819000000 | K16: =VLOOKUP(B16,'Analysis data'!B:E,4,false) -> 9.07 | L16: - | M16: - | N16: - | O16: AI / ML, Cyber Security, Block Chain, Python, Mobile Applications | P16: 14030 | Q16: 0 | R16: 37714 | S16: Male | T16: CSE | U16: 95 | V16: 2019 | W16: 98 | X16: 2021 | Y16: 9.1 | Z16: 86 | AA16: 2025 | AB16: =VLOOKUP(B16,'Analysis data'!$B$1:$F$358,5,false) -> 0 | AC16: 0 | AD16: 21211a0542@bvrit.ac.in | AE16: sairam89373@gmail.com | AF16: 9849413155 | AG16: 9550669930 | AH16: FRUGAL TESTING | AI16: FRUGAL TESTING | AJ16: =VLOOKUP(B16,'Analysis data'!B:K,10,false) -> FRUGAL TESTING | AK16: 12-4-126/A pragati nagar Kukatpally Hyderabad | AL16: BOYA KRISHNA | AM16: 9.49 | AN16: 8.93 | AO16: 9.05 | AP16: 0 | AQ16: 9.13 | AR16: 9.06 | AU16: : | AX16: Day Scholar
A17: 16 | B17: 21211A0543 | C17: KARTHIK REDDY | D17: BUCHIREDDY GARI | E17: BUCHIREDDY GARI KARTHIK REDDY | F17: =VLOOKUP(B17,'Analysis data'!$B$2:$C$358,2,false) -> A | G17: =VLOOKUP(B17, 'Analysis data'!$B$2:$I$358, 8, FALSE) -> Management | H17: MS | I17: PD | J17: 336781000000 | K17: =VLOOKUP(B17,'Analysis data'!B:E,4,false) | L17: - | M17: - | N17: - | O17: AI / ML, Data Sciences, Cyber Security, IoT, Python, Mobile Applications, Extended Reality (AR / VR) | P17: 0 | Q17: 0 | R17: 28-07-2003 | S17: Male | T17: CSE | U17: 71.2 | V17: 2019 | W17: 85 | X17: 2021 | Y17: 6.59 | Z17: 60.9 | AA17: 2025 | AB17: =VLOOKUP(B17,'Analysis data'!$B$1:$F$358,5,false) -> 2 | AC17: 11 | AD17: 21211a0543@bvrit.ac.in | AE17: b.karthikreddy287@gmail.com | AF17: 7288073616 | AG17: 9440723973 | AH17: 0 | AI17: 0 | AJ17: =VLOOKUP(B17,'Analysis data'!B:K,10,false) -> EDU-VERSITY | AK17: Plot no:70, Chanakyapuri colony, Shanthinagar, Sangareddy | AL17: BUCHIREDDY GARI BHOOPAL REDDY | AM17: 7.32 | AN17: 0 | AO17: 6.72 | AP17: 0 | AQ17: 5.62 | AR17: 0 | AU17: : | AX17: Day Scholar
A18: 17 | B18: 21211A0545 | C18: BUTTAGALLA | D18: VINOD | E18: BUTTAGALLA VINOD | F18: =VLOOKUP(B18,'Analysis data'!$B$2:$C$358,2,false) -> A | G18: =VLOOKUP(B18, 'Analysis data'!$B$2:$I$358, 8, FALSE) -> Convener | H18: MS | I18: DR | J18: 340361000000 | K18: =VLOOKUP(B18,'Analysis data'!B:E,4,false) | L18: - | M18: - | N18: - | O18: Data Sciences, Python | P18: 24771 | Q18: 0 | R18: 37289 | S18: Male | T18: CSE | U18: 93 | V18: 2019 | W18: 92.8 | X18: 2021 | Y18: 7.61 | Z18: 71.1 | AA18: 2025 | AB18: =VLOOKUP(B18,'Analysis data'!$B$1:$F$358,5,false) -> 1 | AC18: 0 | AD18: 21211a0545@bvrit.ac.in | AE18: vinodbuttagalla@gmail.com | AF18: 7995423141 | AG18: 9392854843 | AH18: 0 | AI18: 0 | AJ18: =VLOOKUP(B18,'Analysis data'!B:K,10,false) -> MRF | AK18: H.no-1-14; pothireddypalli, sangareddy | AL18: BUTTAGALLA SATHAIAH | AM18: 7.49 | AN18: 6.98 | AO18: 8.25 | AP18: 0 | AQ18: 7.6 | AR18: 7.62 | AU18: : | AX18: Day Scholar
A19: 18 | B19: 21211A0547 | C19: CHINTAKUNTA | D19: DURGA PRASAD REDDY | E19: CHINTAKUNTA DURGA PRASAD REDDY | F19: =VLOOKUP(B19,'Analysis data'!$B$2:$C$358,2,false) -> A | G19: =VLOOKUP(B19, 'Analysis data'!$B$2:$I$358, 8, FALSE) -> Management | H19: MS | I19: DR | J19: 433767000000 | K19: =VLOOKUP(B19,'Analysis data'!B:E,4,false) -> 7.63 | L19: - | M19: - | N19: - | O19: AI / ML, Data Sciences, Cyber Security, Python, Cloud, Mobile Applications | P19: 0 | Q19: 0 | R19: 38177 | S19: Male | T19: CSE | U19: 81 | V19: 2019 | W19: 78 | X19: 2021 | Y19: 7.6 | Z19: 71 | AA19: 2025 | AB19: =VLOOKUP(B19,'Analysis data'!$B$1:$F$358,5,false) -> 0 | AC19: 0 | AD19: 21211a0547@bvrit.ac.in | AE19: durgachintakunta@gmail.com | AF19: 9390999758 | AG19: 9848064779 | AH19: 0 | AI19: 0 | AJ19: =VLOOKUP(B19,'Analysis data'!B:K,10,false) | AK19: Villa no-9, GVMR Crown Imperial, near sanjeeva reddy gardens,bollarum,secundrabad,500010 | AL19: CHINTAKUNTA SRIDHAR REDDY | AM19: 7.35 | AN19: 7.66 | AO19: 0 | AP19: 0 | AQ19: 7.62 | AR19: 7.62 | AU19: : | AX19: Day Scholar
A20: 19 | B20: 21211A0550 | C20: CHADA | D20: ACHYUTH KUMAR | E20: CHADA ACHYUTH KUMAR | F20: =VLOOKUP(B20,'Analysis data'!$B$2:$C$358,2,false) -> A | G20: =VLOOKUP(B20, 'Analysis data'!$B$2:$I$358, 8, FALSE) -> Convener | H20: DK | I20: DR | J20: 755978000000 | K20: =VLOOKUP(B20,'Analysis data'!B:E,4,false) -> 7.02 | L20: - | M20: - | N20: - | O20: AI / ML, Data Sciences, Cyber Security, IoT, Block Chain, Python, Cloud, Big Data, Mobile Applications, Extended Reality (AR / VR), Quantum computing | P20: 8884 | Q20: 0 | R20: 38114 | S20: Male | T20: CSE | U20: 75 | V20: 2019 | W20: 68 | X20: 2021 | Y20: 7 | Z20: 65 | AA20: 2025 | AB20: =VLOOKUP(B20,'Analysis data'!$B$1:$F$358,5,false) -> 0 | AC20: 0 | AD20: 21211a0550@bvrit.ac.in | AE20: achyuthkumarchada07@gmail.com | AF20: 8341999123 | AG20: 9948108221 | AH20: CORIZO1-BOE | AI20: 0 | AJ20: =VLOOKUP(B20,'Analysis data'!B:K,10,false) -> CORIZO1-BOE | AK20: Flat No 502, C-Block, Jewel Gardens, • Miyapur, Back Side Police Station, Miyapur, K.v. Rangareddy, Telangana, 500049 | AL20: Chada Nagabhushan, | AM20: 7.57 | AN20: 7.39 | AO20: 6.5 | AP20: 0 | AQ20: 7.16 | AR20: 7.07 | AU20: : | AX20: Day Scholar
A21: 20 | B21: 21211A0554 | C21: VISHWA DHANUSH | D21: CH | E21: CHANDRAKANTI VISHWA DHANUSH | F21: =VLOOKUP(B21,'Analysis data'!$B$2:$C$358,2,false) -> A | G21: =VLOOKUP(B21, 'Analysis data'!$B$2:$I$358, 8, FALSE) -> Convener | H21: MS | I21: DR | J21: 780262000000 | K21: =VLOOKUP(B21,'Analysis data'!B:E,4,false) -> 7.75 | L21: 731 | M21: - | N21: - | O21: AI / ML, Data Sciences, Python, Cloud | P21: 19238 | Q21: 0 | R21: 21-06-2003 | S21: Male | T21: CSE | U21: 93 | V21: 2019 | W21: 93.8 | X21: 2021 | Y21: 7.8 | Z21: 73 | AA21: 2025 | AB21: =VLOOKUP(B21,'Analysis data'!$B$1:$F$358,5,false) -> 0 | AC21: 0 | AD21: 21211a0554@bvrit.ac.in | AE21: vishwadhanushch@gmail.com | AF21: 7075367367 | AG21: 7799224242 | AH21: 0 | AI21: 0 | AJ21: =VLOOKUP(B21,'Analysis data'!B:K,10,false) -> ASSET10 SOFTWARE | AK21: H.No. 2-37/42, Near Hanuman Temple, Ootpally Village, Shamshabad - 501218. | AL21: CHANDRAKNATI DHANUNJAYA | AM21: 7.59 | AN21: 8.07 | AO21: 8.34 | AP21: 0 | AQ21: 7.82 | AR21: 7.73 | AX21: Day Scholar
A22: 21 | B22: 21211A0559 | C22: CHILUVERI | D22: RITHISH KUMAR | E22: CHILUVERI RITHISH KUMAR | F22: =VLOOKUP(B22,'Analysis data'!$B$2:$C$358,2,false) -> A | G22: =VLOOKUP(B22, 'Analysis data'!$B$2:$I$358, 8, FALSE) -> Management | H22: MB | I22: DR | J22: 288151000000 | K22: =VLOOKUP(B22,'Analysis data'!B:E,4,false) -> 8.28 | L22: 895 | M22: 5769 | N22: 6054 | O22: Cyber Security, Python, Mobile Applications | P22: 0 | Q22: 0 | R22: 25-06-2002 | S22: Male | T22: CSE | U22: 95 | V22: 2019 | W22: 95 | X22: 2021 | Y22: 8.3 | Z22: 78 | AA22: 2025 | AB22: =VLOOKUP(B22,'Analysis data'!$B$1:$F$358,5,false) -> 0 | AC22: 0 | AD22: 21211A0559@bvrit.ac.in | AE22: rithish25062002@gmail.com | AF22: 9951261338 | AG22: 9492851389 | AH22: 0 | AI22: 0 | AJ22: =VLOOKUP(B22,'Analysis data'!B:K,10,false) -> CAPGEMINI-ANALYST | AK22: H.no.5-3-586 Vidyanagar colony | AL22: CHILUVERI LINGA PRASAD | AM22: 8.41 | AN22: 8.22 | AO22: 8.34 | AP22: 0 | AQ22: 8.32 | AR22: 8.3 | AU22: : | AX22: Hosteller
A23: 22 | B23: 21211A0560 | C23: CHILUVERU | D23: DHEERAJ | E23: CHILUVERU DHEERAJ | F23: =VLOOKUP(B23,'Analysis data'!$B$2:$C$358,2,false) -> A | G23: =VLOOKUP(B23, 'Analysis data'!$B$2:$I$358, 8, FALSE) -> Convener | H23: DK | I23: DR | J23: 703025000000 | K23: =VLOOKUP(B23,'Analysis data'!B:E,4,false) -> 8.1 | L23: 290 | M23: - | N23: - | O23: AI / ML, Data Sciences, Cyber Security, Python, Big Data | P23: 6296 | Q23: 0 | R23: 38300 | S23: Male | T23: CSE | U23: 98 | V23: 2019 | W23: 95.4 | X23: 2021 | Y23: 8.1 | Z23: 76 | AA23: 2025 | AB23: =VLOOKUP(B23,'Analysis data'!$B$1:$F$358,5,false) -> 0 | AC23: 0 | AD23: 21211a0560@bvrit.ac.in | AE23: chiluverudheeraj@gmail.com | AF23: 7093821644 | AG23: 9849343592 | AH23: 0 | AI23: 0 | AJ23: =VLOOKUP(B23,'Analysis data'!B:K,10,false) | AK23: Teachers colony phase 2 ,waddepally,hanamkonda, warangal | AL23: CHILUVERU HARI PRASAD | AM23: 8.76 | AN23: 8.05 | AO23: 8.34 | AP23: 0 | AQ23: 8.28 | AR23: 8.16 | AU23: : | AX23: Hosteller
A24: 23 | B24: 21211A0564 | C24: DAIDA | D24: PRAMODH | E24: DAIDA PRAMODH | F24: =VLOOKUP(B24,'Analysis data'!$B$2:$C$358,2,false) -> A | G24: =VLOOKUP(B24, 'Analysis data'!$B$2:$I$358, 8, FALSE) -> Convener | H24: MS | I24: DR | J24: 646083000000 | K24: =VLOOKUP(B24,'Analysis data'!B:E,4,false) -> 7.95 | L24: 499 | M24: - | N24: - | O24: Python | P24: 29841 | Q24: 0 | R24: 38174 | S24: Male | T24: CSE | U24: 90.25 | V24: 2019 | W24: 95 | X24: 2021 | Y24: 8 | Z24: 75 | AA24: 2025 | AB24: =VLOOKUP(B24,'Analysis data'!$B$1:$F$358,5,false) -> 0 | AC24: 0 | AD24: 21211a0564@bvrit.ac.in | AE24: pandupramodh77@gmail.com | AF24: 9704903605 | AG24: 9866287439 | AH24: CORIZO-BDA & MOVATE1-DIS | AI24: MOVATE1-DIS | AJ24: =VLOOKUP(B24,'Analysis data'!B:K,10,false) -> CORIZO-BDA & MOVATE1-DIS & CAPGEMINI-SSE | AK24: 1-33/1 ragaboinagudem,yellandu,bhadradri kothagudem | AL24: DAIDA SHANKAR | AM24: 7.41 | AN24: 7.78 | AO24: 7.45 | AP24: 0 | AQ24: 7.81 | AR24: 7.85 | AU24: : | AX24: Hosteller
A25: 24 | B25: 21211A0565 | C25: KEERTHI PRADANYA | D25: DAKARAPU | E25: DAKARAPU KEERTHI PRADANYA | F25: =VLOOKUP(B25,'Analysis data'!$B$2:$C$358,2,false) -> A | G25: =VLOOKUP(B25, 'Analysis data'!$B$2:$I$358, 8, FALSE) -> Convener | H25: PL | I25: DR | J25: 435078000000 | K25: =VLOOKUP(B25,'Analysis data'!B:E,4,false) -> 8.48 | L25: 698 | M25: - | N25: - | O25: ` | P25: 27814 | Q25: 0 | R25: 13-11-2003 | S25: Female | T25: CSE | U25: 88 | V25: 2019 | W25: 96 | X25: 2021 | Y25: 8.5 | Z25: 80 | AA25: 2025 | AB25: =VLOOKUP(B25,'Analysis data'!$B$1:$F$358,5,false) -> 0 | AC25: 0 | AD25: 21211a0565@bvrit.ac.in | AE25: keerthipradanya@gmail.com | AF25: 6301757985 | AG25: 9849552997 | AH25: 0 | AI25: 0 | AJ25: =VLOOKUP(B25,'Analysis data'!B:K,10,false) -> EATON-NAT | AK25: H NO EWS-901 BHARATH NAGAR COLONY | AL25: D.RAMA KOTESWARA RAO | AM25: 7.41 | AN25: 8.15 | AO25: 8.14 | AP25: 0 | AQ25: 8.4 | AR25: 8.44 | AU25: : | AX25: Day Scholar
A26: 25 | B26: 22215A0502 | C26: JAKKULA | D26: AISHWARYA | E26: JAKKULA AISHWARYA | F26: =VLOOKUP(B26,'Analysis data'!$B$2:$C$358,2,false) -> A | G26: =VLOOKUP(B26, 'Analysis data'!$B$2:$I$358, 8, FALSE) -> Management | H26: MS | I26: MS | J26: 342292000000 | K26: =VLOOKUP(B26,'Analysis data'!B:E,4,false) -> 7.46 | L26: - | M26: - | N26: - | O26: Data Sciences | P26: 0 | Q26: 1025 | R26: 25-09-2004 | S26: Female | T26: CSE | U26: 95 | V26: 2019 | W26: 83 | X26: 2022 | Y26: 7.5 | Z26: 70 | AA26: 2025 | AB26: =VLOOKUP(B26,'Analysis data'!$B$1:$F$358,5,false) -> 0 | AC26: 0 | AD26: 22215a0502@bvrit.ac.in | AE26: aishwaryajakkula25@gmail.com | AF26: 9640009911 | AG26: 9440055704 | AH26: SEOAK | AI26: SEOAK | AJ26: =VLOOKUP(B26,'Analysis data'!B:K,10,false) -> SEOAK | AK26: 10-1-86,Shivaji nagar, nizamabad | AL26: Jakkula ravinder | AM26: 0 | AN26: 0 | AO26: 7.86 | AP26: 0 | AQ26: 7.62 | AR26: 7.52 | AU26: : | AX26: Hosteller
A27: 26 | B27: 22215A0504 | C27: ANIRUDH | D27: VOLKI | E27: VOLKI ANIRUDH | F27: =VLOOKUP(B27,'Analysis data'!$B$2:$C$358,2,false) -> A | G27: =VLOOKUP(B27, 'Analysis data'!$B$2:$I$358, 8, FALSE) -> Management | H27: MS | I27: PD | J27: 600468000000 | K27: =VLOOKUP(B27,'Analysis data'!B:E,4,false) | L27: - | M27: - | N27: - | O27: AI / ML, Data Sciences, Cyber Security, Block Chain, Python, Mobile Applications | P27: 11362 | Q27: 1443 | R27: 28-05-2004 | S27: Male | T27: CSE | U27: 65 | V27: 2019 | W27: 61 | X27: 2022 | Y27: 0 | Z27: -5 | AA27: 2025 | AB27: =VLOOKUP(B27,'Analysis data'!$B$1:$F$358,5,false) -> 1 | AC27: 0 | AD27: 22215a0504@bvrit.ac.in | AE27: anirudh.volki2004@gmail.com | AF27: 7702845323 | AG27: 8790823241 | AH27: 0 | AI27: 0 | AJ27: =VLOOKUP(B27,'Analysis data'!B:K,10,false) | AK27: 1-9-16/27 medi Bai basti, Ramnagar, Hyderabad | AL27: VOLKI Ajay Kumar | AM27: 0 | AN27: 0 | AO27: 0 | AP27: 0 | AQ27: 7.11 | AR27: 7.04 | AU27: : | AX27: Day Scholar
A28: 27 | B28: 22215A0505 | C28: GUGLOTH | D28: ARUNA | E28: GUGLOTH ARUNA | F28: =VLOOKUP(B28,'Analysis data'!$B$2:$C$358,2,false) -> A | G28: =VLOOKUP(B28, 'Analysis data'!$B$2:$I$358, 8, FALSE) -> Management | H28: MS | I28: DR | J28: 481035000000 | K28: =VLOOKUP(B28,'Analysis data'!B:E,4,false) -> 7.47 | L28: - | M28: - | N28: - | O28: Python, Java,c++ | P28: 0 | Q28: 902 | R28: 37596 | S28: Female | T28: CSE | U28: 80 | V28: 2019 | W28: 85.7 | X28: 2022 | Y28: 7.5 | Z28: 70 | AA28: 2025 | AB28: =VLOOKUP(B28,'Analysis data'!$B$1:$F$358,5,false) -> 0 | AC28: 0 | AD28: 22215A0505@bvrit.ac.in | AE28: arunagugloth7@gmail.com | AF28: 7036807574 | AG28: 9505388921 | AH28: 0 | AI28: 0 | AJ28: =VLOOKUP(B28,'Analysis data'!B:K,10,false) | AK28: H.no 3-78, vill-pochammaral ,Mandal-Haveli Ghanpur, district-Medak, pin code -502113 | AL28: GUGLOTH VITTAL | AM28: 0 | AN28: 0 | AO28: 0 | AP28: 0 | AQ28: 7.43 | AR28: 7.5 | AU28: : | AX28: Hosteller
A29: 28 | B29: 22215A0506 | C29: MAGGIDI | D29: ARVIND | E29: MAGGIDI ARVIND | F29: =VLOOKUP(B29,'Analysis data'!$B$2:$C$358,2,false) -> A | G29: =VLOOKUP(B29, 'Analysis data'!$B$2:$I$358, 8, FALSE) -> Convener | H29: MS | I29: DR | J29: 512386000000 | K29: =VLOOKUP(B29,'Analysis data'!B:E,4,false) -> 7.5 | L29: - | M29: - | N29: - | O29: AI / ML, Block Chain, Python, Cloud, Mobile Applications, JAVA | P29: 11401 | Q29: 1447 | R29: 37508 | S29: Male | T29: CSE | U29: 77 | V29: 2018 | W29: 61 | X29: 2022 | Y29: 7.5 | Z29: 70 | AA29: 2025 | AB29: =VLOOKUP(B29,'Analysis data'!$B$1:$F$358,5,false) -> 0 | AC29: 0 | AD29: 22215a0506@bvrit.ac.in | AE29: aravindmaggidi143@gmail.com | AF29: 7995635903 | AG29: 9550080517 | AH29: 0 | AI29: 0 | AJ29: =VLOOKUP(B29,'Analysis data'!B:K,10,false) | AK29: H. No: 3-10 Vill: Patha Yellapur Mdl: Khanapur Dist: Nirmal Pin: 504203 | AL29: MAGGIDI VIJEYA | AM29: 0 | AN29: 0 | AO29: 0 | AP29: 0 | AQ29: 7.41 | AR29: 7.54 | AU29: : | AX29: Day Scholar
A30: 29 | B30: 22215A0507 | C30: NAMPELLI | D30: GANGOTHRI | E30: NAMPELLI GANGOTHRI | F30: =VLOOKUP(B30,'Analysis data'!$B$2:$C$358,2,false) -> A | G30: =VLOOKUP(B30, 'Analysis data'!$B$2:$I$358, 8, FALSE) -> Convener | H30: MS | I30: DR | J30: 585319000000 | K30: =VLOOKUP(B30,'Analysis data'!B:E,4,false) -> 8.03 | L30: - | M30: - | N30: - | O30: Python, Java | P30: 737 | Q30: 737 | R30: 22-08-2004 | S30: Female | T30: CSE | U30: 93 | V30: 2019 | W30: 83 | X30: 2022 | Y30: 8 | Z30: 75 | AA30: 2025 | AB30: =VLOOKUP(B30,'Analysis data'!$B$1:$F$358,5,false) -> 0 | AC30: 0 | AD30: 22215A0507@bvrit.ac.in | AE30: nampelligangothri8@gmail.com | AF30: 9515967813 | AG30: 9949431332 | AH30: 0 | AI30: 0 | AJ30: =VLOOKUP(B30,'Analysis data'!B:K,10,false) | AK30: Vill :venkatagiri,Mdl:Ramadugu,Dist: Karimnagar | AL30: Nampelli Rajesham | AM30: 0 | AN30: 0 | AO30: 7.48 | AP30: 0 | AQ30: 7.98 | AR30: 8.04 | AU30: : | AX30: Hosteller
A31: 30 | B31: 21211A0575 | C31: DOMAKONDA | D31: NANDINI | E31: DOMAKONDA NANDINI | F31: =VLOOKUP(B31,'Analysis data'!$B$2:$C$358,2,false) -> B | G31: =VLOOKUP(B31, 'Analysis data'!$B$2:$I$358, 8, FALSE) -> Convener | H31: MM | I31: CS | J31: 957484000000 | K31: =VLOOKUP(B31,'Analysis data'!B:E,4,false) -> 7.9 | L31: - | M31: - | N31: - | O31: AI / ML, Data Sciences, Cyber Security, IoT, Python | P31: 28131 | Q31: 0 | R31: 20-06-2003 | S31: Female | T31: CSE | U31: 97 | V31: 2019 | W31: 87 | X31: 2021 | Y31: 7.9 | Z31: 74 | AA31: 2025 | AB31: =VLOOKUP(B31,'Analysis data'!$B$1:$F$358,5,false) -> 0 | AC31: 1 | AD31: 21211a0575@bvrit.ac.in | AE31: nandudomakonda@gmail.com | AF31: 9959200704 | AG31: 9652404810 | AH31: 0 | AI31: 0 | AJ31: =VLOOKUP(B31,'Analysis data'!B:K,10,false) | AK31: Village:Kothaplly, Mandal:Gambhiraopet, District:Rajanna Siricilla | AL31: DOMAKONDA SURENDAR | AM31: 7.35 | AN31: 7.49 | AO31: 8.05 | AP31: 7.66 | AQ31: 7.42 | AR31: 7.82 | AU31: : | AX31: Hosteller
A32: 31 | B32: 21211A0578 | C32: E | D32: HARITHA | E32: E.HARITHA | F32: =VLOOKUP(B32,'Analysis data'!$B$2:$C$358,2,false) -> B | G32: =VLOOKUP(B32, 'Analysis data'!$B$2:$I$358, 8, FALSE) -> Convener | H32: MM | I32: CS | J32: 448953000000 | K32: =VLOOKUP(B32,'Analysis data'!B:E,4,false) -> 8.74 | L32: - | M32: - | N32: - | O32: AI / ML, Data Sciences, Python | P32: 13035 | Q32: 0 | R32: 18-05-2003 | S32: Female | T32: CSE | U32: 93 | V32: 2019 | W32: 96 | X32: 2021 | Y32: 8.7 | Z32: 82 | AA32: 2025 | AB32: =VLOOKUP(B32,'Analysis data'!$B$1:$F$358,5,false) -> 0 | AC32: 0 | AD32: 21211a0578@bvrit.ac.in | AE32: harithagoud0506@gmail.com | AF32: 9959476606 | AG32: 7093256574 | AH32: CORIZO-BDA | AI32: 0 | AJ32: =VLOOKUP(B32,'Analysis data'!B:K,10,false) -> CORIZO-BDA & CADSYS | AK32: 1-9 veerampally mahaboob Nagar | AL32: E.Anjilaiha Goud | AM32: 9.08 | AN32: 8.71 | AO32: 8.59 | AP32: 0 | AQ32: 8.84 | AR32: 8.8 | AU32: : | AX32: Hosteller
A33: 32 | B33: 21211A0586 | C33: GANDLA | D33: ABHILASH | E33: GANDLA ABHILASH | F33: =VLOOKUP(B33,'Analysis data'!$B$2:$C$358,2,false) -> B | G33: =VLOOKUP(B33, 'Analysis data'!$B$2:$I$358, 8, FALSE) -> Convener | H33: MM | I33: CS | J33: 656299000000 | K33: =VLOOKUP(B33,'Analysis data'!B:E,4,false) -> 7.96 | L33: - | M33: - | N33: - | O33: AI / ML, Data Sciences, Cyber Security, IoT, Block Chain, Python, Cloud, Big Data, UX / UI, Mobile Applications, Extended Reality (AR / VR) | P33: 12913 | Q33: 0 | R33: 23-04-2004 | S33: Male | T33: CSE | U33: 97 | V33: 2019 | W33: 94.2 | X33: 2021 | Y33: 8 | Z33: 75 | AA33: 2025 | AB33: =VLOOKUP(B33,'Analysis data'!$B$1:$F$358,5,false) -> 0 | AC33: 0 | AD33: 21211a0586@bvrit.ac.in | AE33: gabhiabhilash586@gmail.com | AF33: 7981877371 | AG33: 8555916803 | AH33: Accenture ASE | AI33: 0 | AJ33: =VLOOKUP(B33,'Analysis data'!B:K,10,false) -> Accenture ASE & INFOSYS-OFFCAMPUS-SE | AK33: s/o:Gandla Basalingappa,1-11,Kota, Karankote,Vikarabad,Telangana-501158 | AL33: Gandla Basalingappa | AM33: 8.43 | AN33: 8.07 | AO33: 7.8 | AP33: 0 | AQ33: 7.96 | AR33: 7.95 | AU33: : | AX33: Hosteller
A34: 33 | B34: 21211A0587 | C34: GANDLA | D34: ARUN KUMAR | E34: GANDLA ARUN KUMAR | F34: =VLOOKUP(B34,'Analysis data'!$B$2:$C$358,2,false) -> B | G34: =VLOOKUP(B34, 'Analysis data'!$B$2:$I$358, 8, FALSE) -> Convener | H34: DK | I34: CS | J34: 255828000000 | K34: =VLOOKUP(B34,'Analysis data'!B:E,4,false) -> 8.07 | L34: - | M34: - | N34: - | O34: AI / ML, Data Sciences, Cyber Security, Block Chain, Cloud | P34: 11914 | Q34: 0 | R34: 37959 | S34: Male | T34: CSE | U34: 97 | V34: 2019 | W34: 95 | X34: 2021 | Y34: 8.1 | Z34: 76 | AA34: 2025 | AB34: =VLOOKUP(B34,'Analysis data'!$B$1:$F$358,5,false) -> 0 | AC34: 0 | AD34: 21211a0587@bvrit.ac.in | AE34: arunkumarsajjan.0@gmail.com | AF34: 7075703362 | AG34: 7032440491 | AH34: SEOAK | AI34: SEOAK | AJ34: =VLOOKUP(B34,'Analysis data'!B:K,10,false) -> SEOAK & CAPGEMINI-ANALYST | AK34: Zaheerabad, house no: 11-72,sbh colony, district:sangareddy | AL34: Arun Kumar | AM34: 7.81 | AN34: 8.29 | AO34: 7.8 | AP34: 0 | AQ34: 8.13 | AR34: 8.1 | AU34: : | AX34: Hosteller
A35: 34 | B35: 21211A0589 | C35: RAGHUVEER CHAITANYA | D35: GANGAVARAPU | E35: GANGAVARAPU. RAGHUVEER CHAITANYA | F35: =VLOOKUP(B35,'Analysis data'!$B$2:$C$358,2,false) -> B | G35: =VLOOKUP(B35, 'Analysis data'!$B$2:$I$358, 8, FALSE) -> Convener | H35: MM | I35: SR | J35: 382460000000 | K35: =VLOOKUP(B35,'Analysis data'!B:E,4,false) | L35: - | M35: - | N35: - | O35: AI / ML, Data Sciences, Cyber Security, IoT, Block Chain, Python, Cloud, Big Data, UX / UI, Mobile Applications, Extended Reality (AR / VR), Deep learning | P35: 0 | Q35: 0 | R35: 37782 | S35: Male | T35: CSE | U35: 95 | V35: 2019 | W35: 92 | X35: 2021 | Y35: 7.3 | Z35: 68 | AA35: 2025 | AB35: =VLOOKUP(B35,'Analysis data'!$B$1:$F$358,5,false) -> 1 | AC35: 0 | AD35: 21211a0589@bvrit.ac.in | AE35: raghuveerchaitanya@gmail.com | AF35: 8125612369 | AG35: 9491540838 | AH35: 0 | AI35: 0 | AJ35: =VLOOKUP(B35,'Analysis data'!B:K,10,false) -> VISION INDIA-OFF CAMPUS | AK35: H.NO:5-6-20/4/1, Pakabanda Bazar, Khammam KHAMMAM, TELANGANA 507001, INDIA. | AL35: GANGAVARAPU. SREEKANTH | AM35: 8.14 | AN35: 7.73 | AO35: 6.57 | AP35: 0 | AQ35: 7.15 | AR35: 7.17 | AU35: : | AX35: Hosteller
A36: 35 | B36: 21211A0598 | C36: GOTTUMUKKALA | D36: SRI HARSHA VARMA | E36: GOTTUMUKKALA SRI HARSHA VARMA | F36: =VLOOKUP(B36,'Analysis data'!$B$2:$C$358,2,false) -> B | G36: =VLOOKUP(B36, 'Analysis data'!$B$2:$I$358, 8, FALSE) -> Management | H36: MM | I36: SR | J36: 313722000000 | K36: =VLOOKUP(B36,'Analysis data'!B:E,4,false) -> 7.13 | L36: - | M36: - | N36: - | O36: Data Sciences, Python | P36: 43303 | Q36: 0 | R36: 38239 | S36: Male | T36: CSE | U36: 93 | V36: 2019 | W36: 91.1 | X36: 2021 | Y36: 7.1 | Z36: 66 | AA36: 2025 | AB36: =VLOOKUP(B36,'Analysis data'!$B$1:$F$358,5,false) -> 0 | AC36: 0 | AD36: 21211A0598@bvrit.ac.in | AE36: gshv6666@gmail.com | AF36: 9951466666 | AG36: 9849327745 | AH36: SEOAK | AI36: SEOAK | AJ36: =VLOOKUP(B36,'Analysis data'!B:K,10,false) -> SEOAK & CAPGEMINI-ANALYST | AK36: Near tv tower road,sri nilayam,flat no.403,asr nagar,Hyderabad | AL36: Gottumukkala Rama Krishnam Raju | AM36: 7.19 | AN36: 6.8 | AO36: 6.84 | AP36: 0 | AQ36: 6.96 | AR36: 7.04 | AU36: : | AX36: Hosteller
A37: 36 | B37: 21211A05A6 | C37: HANAMKONDA | D37: SUSANNA | E37: HANAMKONDA SUSANNA | F37: =VLOOKUP(B37,'Analysis data'!$B$2:$C$358,2,false) -> B | G37: =VLOOKUP(B37, 'Analysis data'!$B$2:$I$358, 8, FALSE) -> Convener | H37: PL | I37: SR | J37: 514809000000 | K37: =VLOOKUP(B37,'Analysis data'!B:E,4,false) -> 8.96 | L37: - | M37: - | N37: - | O37: AI / ML, Data Sciences, Cyber Security, IoT, Block Chain, Python, Cloud, Big Data, UX / UI, Mobile Applications, Extended Reality (AR / VR) | P37: 29473 | Q37: 0 | R37: 38085 | S37: Female | T37: CSE | U37: 95 | V37: 2019 | W37: 95 | X37: 2021 | Y37: 9 | Z37: 85 | AA37: 2025 | AB37: =VLOOKUP(B37,'Analysis data'!$B$1:$F$358,5,false) -> 0 | AC37: 0 | AD37: 21211A05A6@bvrit.ac.in | AE37: Susannahanamkonda@gmail.com | AF37: 9849639601 | AG37: 9912642175 | AH37: 0 | AI37: 0 | AJ37: =VLOOKUP(B37,'Analysis data'!B:K,10,false) | AK37: 33-126/A ,Skanda nagar , Suraram, Jeedimetla,Hyderabad ,Telangana | AL37: HANAMKONDA PREM KUMAR | AM37: 8.92 | AN37: 8.71 | AO37: 8.68 | AP37: 0 | AQ37: 8.91 | AR37: 8.98 | AU37: : | AX37: Day Scholar
A38: 37 | B38: 21211A05A7 | C38: VADLURI | D38: HARISH KUMAR | E38: VADLURI HARISH KUMAR | F38: =VLOOKUP(B38,'Analysis data'!$B$2:$C$358,2,false) -> B | G38: =VLOOKUP(B38, 'Analysis data'!$B$2:$I$358, 8, FALSE) -> Management | H38: MM | I38: SR | J38: 414213000000 | K38: =VLOOKUP(B38,'Analysis data'!B:E,4,false) -> 7.42 | L38: - | M38: - | N38: - | O38: Data Sciences, Cyber Security, Python, Cloud, Mobile Applications | P38: 0 | Q38: 0 | R38: 38058 | S38: Male | T38: CSE | U38: 71.6 | V38: 2019 | W38: 86.6 | X38: 2021 | Y38: 7.4 | Z38: 69 | AA38: 2025 | AB38: =VLOOKUP(B38,'Analysis data'!$B$1:$F$358,5,false) -> 0 | AC38: 0 | AD38: 21211a05a7@bvrit.ac.in | AE38: vadluriharish12@gmail.com | AF38: 9014752066 | AG38: 9849162430 | AH38: 0 | AI38: 0 | AJ38: =VLOOKUP(B38,'Analysis data'!B:K,10,false) | AK38: Hyderabad,kondapur,Sri Ram nagar colony | AL38: Vadluri.Satyanarayana | AM38: 7.51 | AN38: 7.05 | AO38: 7.32 | AP38: 0 | AQ38: 7.42 | AR38: 7.42 | AU38: : | AX38: Day Scholar
A39: 38 | B39: 21211A05A9 | C39: INDUKURI | D39: G. V. Ramesh varma | E39: I. G. V. Ramesh varma | F39: =VLOOKUP(B39,'Analysis data'!$B$2:$C$358,2,false) -> B | G39: =VLOOKUP(B39, 'Analysis data'!$B$2:$I$358, 8, FALSE) -> Convener | H39: MM | I39: SR | J39: 544711000000 | K39: =VLOOKUP(B39,'Analysis data'!B:E,4,false) -> 7.37 | L39: - | M39: - | N39: - | O39: Java | P39: 0 | Q39: 0 | R39: 37927 | S39: Male | T39: CSE | U39: 97 | V39: 2019 | W39: 94 | X39: 2022 | Y39: 7.4 | Z39: 69 | AA39: 2025 | AB39: =VLOOKUP(B39,'Analysis data'!$B$1:$F$358,5,false) -> 0 | AC39: 0 | AD39: 21211a05a9@bvrit.ac.in | AE39: indukurirameshvarma77@gmail.com | AF39: 6309604339 | AG39: 9949386333 | AH39: 0 | AI39: 0 | AJ39: =VLOOKUP(B39,'Analysis data'!B:K,10,false) -> MRF | AK39: Pippara ganapavaram mandal | AL39: Indukuri pullam raju | AM39: 6.51 | AN39: 6.59 | AO39: 6.45 | AP39: 0 | AQ39: 7.08 | AR39: 7.26 | AU39: : | AX39: Hosteller
A40: 39 | B40: 21211A05B0 | C40: TEJASHWI | D40: JAINA | E40: TEJASHWI JAINA | F40: =VLOOKUP(B40,'Analysis data'!$B$2:$C$358,2,false) -> B | G40: =VLOOKUP(B40, 'Analysis data'!$B$2:$I$358, 8, FALSE) -> Convener | H40: MB | I40: BU | J40: 399321000000 | K40: =VLOOKUP(B40,'Analysis data'!B:E,4,false) -> 8.99 | L40: - | M40: - | N40: - | O40: AI / ML, Block Chain, Python, Cloud, Big Data, Mobile Applications | P40: 0 | Q40: 0 | R40: 38082 | S40: Female | T40: CSE | U40: 89 | V40: 2019 | W40: 96.2 | X40: 2021 | Y40: 9 | Z40: 85 | AA40: 2025 | AB40: =VLOOKUP(B40,'Analysis data'!$B$1:$F$358,5,false) -> 0 | AC40: 0 | AD40: 21211a05b0@bvrit.ac.in | AE40: jainatejashwi451@gmail.com | AF40: 6301849940 | AG40: 9849284661 | AH40: Accenture ASE & SKILL DUNIYA | AI40: SKILL DUNIYA | AJ40: =VLOOKUP(B40,'Analysis data'!B:K,10,false) -> Accenture ASE & SKILL DUNIYA | AK40: H No 7-4/44/45/301/A/1, Atharva ayaan apts,bandlaguda jagir,near kk convention, rajendra nagar, kv rangareddy Telangana 500086 | AL40: J.Hanmanth Reddy | AM40: 9.35 | AN40: 8.66 | AO40: 9.02 | AP40: 0 | AQ40: 9.05 | AR40: 9.06 | AU40: : | AX40: Hosteller
A41: 40 | B41: 21211A05B1 | C41: SRIKANTH | D41: JADA | E41: SRIKANTH JADA | F41: =VLOOKUP(B41,'Analysis data'!$B$2:$C$358,2,false) -> B | G41: =VLOOKUP(B41, 'Analysis data'!$B$2:$I$358, 8, FALSE) -> Convener | H41: MM | I41: BU | J41: 217706000000 | K41: =VLOOKUP(B41,'Analysis data'!B:E,4,false) -> 7.93 | L41: - | M41: - | N41: - | O41: AI / ML, Data Sciences, Block Chain, Python, Cloud, Mobile Applications | P41: 1400 | Q41: 0 | R41: 25-12-2003 | S41: Male | T41: CSE | U41: 97 | V41: 2019 | W41: 88 | X41: 2021 | Y41: 7.9 | Z41: 74 | AA41: 2025 | AB41: =VLOOKUP(B41,'Analysis data'!$B$1:$F$358,5,false) -> 0 | AC41: 0 | AD41: 21211a05b1@bvrit.ac.in | AE41: srikanthjada0019@gmail.com | AF41: 7093172593 | AG41: 9989430536 | AH41: 0 | AI41: 0 | AJ41: =VLOOKUP(B41,'Analysis data'!B:K,10,false) -> COGNIZANT-OFF CAMPUS | AK41: Narsapur | AL41: VENKATESWARLU JADA | AM41: 8.08 | AN41: 7.59 | AO41: 7.59 | AP41: 0 | AQ41: 7.87 | AR41: 7.88 | AU41: : | AX41: Day Scholar
A42: 41 | B42: 21211A05C3 | C42: KAPARTHI MANOJ | D42: KUMAR | E42: KAPARTHI MANOJ KUMAR | F42: =VLOOKUP(B42,'Analysis data'!$B$2:$C$358,2,false) -> B | G42: =VLOOKUP(B42, 'Analysis data'!$B$2:$I$358, 8, FALSE) -> Convener | H42: MM | I42: BU | J42: 483619000000 | K42: =VLOOKUP(B42,'Analysis data'!B:E,4,false) -> 8.13 | L42: 281 | M42: - | N42: - | O42: AI / ML, Data Sciences, Cyber Security, IoT, Python, Mobile Applications, Developers | P42: 0 | Q42: 0 | R42: 29-12-2003 | S42: Male | T42: CSE | U42: 75 | V42: 2019 | W42: 92 | X42: 2021 | Y42: 8.1 | Z42: 76 | AA42: 2025 | AB42: =VLOOKUP(B42,'Analysis data'!$B$1:$F$358,5,false) -> 0 | AC42: 0 | AD42: 21211a05c3@bvrit.ac.in | AE42: manojkumarkaparthi9876@gmail.com | AF42: 7989261753 | AG42: 9440137284 | AH42: 0 | AI42: 0 | AJ42: =VLOOKUP(B42,'Analysis data'!B:K,10,false) | AK42: Komuravelly,siddipet(dist),Near mallana temple H NO:9-100,pincode:506355 | AL42: K.Mallikarjun | AM42: 8.05 | AN42: 7.73 | AO42: 7.86 | AP42: 0 | AQ42: 8.06 | AR42: 8.1 | AU42: : | AX42: Hosteller
A43: 42 | B43: 21211A05C4 | C43: KARRA | D43: NIKHIL | E43: KARRA NIKHIL | F43: =VLOOKUP(B43,'Analysis data'!$B$2:$C$358,2,false) -> B | G43: =VLOOKUP(B43, 'Analysis data'!$B$2:$I$358, 8, FALSE) -> Convener | H43: MB | I43: BU | J43: 289406000000 | K43: =VLOOKUP(B43,'Analysis data'!B:E,4,false) -> 9 | L43: - | M43: - | N43: - | O43: AI / ML, Data Sciences, Cyber Security, Block Chain, Python, Cloud, Mobile Applications, Extended Reality (AR / VR) | P43: 32721 | Q43: 0 | R43: 17-04-2004 | S43: Male | T43: CSE | U43: 97 | V43: 2019 | W43: 97.6 | X43: 2021 | Y43: 9 | Z43: 85 | AA43: 2025 | AB43: =VLOOKUP(B43,'Analysis data'!$B$1:$F$358,5,false) -> 0 | AC43: 0 | AD43: 21211a05c4@bvrit.ac.in | AE43: karranikhil55@gmail.com | AF43: 6302669764 | AG43: 9652665419 | AH43: 0 | AI43: 0 | AJ43: =VLOOKUP(B43,'Analysis data'!B:K,10,false) | AK43: H.No:8-3A Vill: Palugu thanda,Ryakal MDL: Narayankhed Dist: Sangareddy State: Telangana | AL43: Karra Narsing Nayak | AM43: 8.68 | AN43: 8.32 | AO43: 9.14 | AP43: 0 | AQ43: 8.95 | AR43: 9 | AU43: : | AX43: Day Scholar
A44: 43 | B44: 21211A05C5 | C44: KASARAPU | D44: SAHAJA | E44: KASARAPU SAHAJA | F44: =VLOOKUP(B44,'Analysis data'!$B$2:$C$358,2,false) -> B | G44: =VLOOKUP(B44, 'Analysis data'!$B$2:$I$358, 8, FALSE) -> Management | H44: MM | I44: BU | J44: 903111000000 | K44: =VLOOKUP(B44,'Analysis data'!B:E,4,false) -> 8.57 | L44: 595 | M44: - | N44: - | O44: Python, Mobile Applications, Web development and C | P44: 14206 | Q44: 0 | R44: 38385 | S44: Female | T44: CSE | U44: 97 | V44: 2019 | W44: 95 | X44: 2021 | Y44: 8.6 | Z44: 81 | AA44: 2025 | AB44: =VLOOKUP(B44,'Analysis data'!$B$1:$F$358,5,false) -> 0 | AC44: 0 | AD44: 21211A05C5@bvrit.ac.in | AE44: kasarapusahaja07@gmail.com | AF44: 9398173395 | AG44: 9394556600 | AH44: 0 | AI44: 0 | AJ44: =VLOOKUP(B44,'Analysis data'!B:K,10,false) -> ASSET10 SOFTWARE | AK44: Jammikunta,Karimnagar | AL44: Kasarapu Thirupathi | AM44: 8.76 | AN44: 8.46 | AO44: 8.2 | AP44: 0 | AQ44: 8.54 | AR44: 8.56 | AU44: : | AX44: Hosteller
A45: 44 | B45: 21211A05C6 | C45: GOURAV | D45: K | E45: KATPALLY GOURAV | F45: =VLOOKUP(B45,'Analysis data'!$B$2:$C$358,2,false) -> B | G45: =VLOOKUP(B45, 'Analysis data'!$B$2:$I$358, 8, FALSE) -> Management | H45: MM | I45: BU | J45: 694360000000 | K45: =VLOOKUP(B45,'Analysis data'!B:E,4,false) -> 7.45 | L45: - | M45: - | N45: - | O45: Data Sciences, Python, Mobile Applications, Web development and Java | P45: 35000 | Q45: 0 | R45: 23-01-2004 | S45: Male | T45: CSE | U45: 95 | V45: 2019 | W45: 78 | X45: 2021 | Y45: 7.5 | Z45: 70 | AA45: 2025 | AB45: =VLOOKUP(B45,'Analysis data'!$B$1:$F$358,5,false) -> 0 | AC45: 1 | AD45: 21211a05c6@bvrit.ac.in | AE45: gourav4058@gmail.com | AF45: 9398584324 | AG45: 9948752639 | AH45: SKILL DUNIYA & CORIZO-BDA | AI45: SKILL DUNIYA | AJ45: =VLOOKUP(B45,'Analysis data'!B:K,10,false) -> SKILL DUNIYA & CORIZO-BDA | AK45: Gangasthan-phase-1, VISHNAVI residence flat no 401, Balaji nagar, Nizamabad | AL45: KATPALLY Krishna reddy | AM45: 7.49 | AN45: 7.8 | AO45: 7.35 | AP45: 7.13 | AQ45: 7.08 | AR45: 7.39 | AU45: : | AX45: Hosteller
A46: 45 | B46: 21211A05C9 | C46: PRADEEP | D46: KOLUSU | E46: PRADEEP KOLUSU | F46: =VLOOKUP(B46,'Analysis data'!$B$2:$C$358,2,false) -> B | G46: =VLOOKUP(B46, 'Analysis data'!$B$2:$I$358, 8, FALSE) -> Convener | H46: MM | I46: BU | J46: 931614000000 | K46: =VLOOKUP(B46,'Analysis data'!B:E,4,false) -> 7.89 | L46: - | M46: - | N46: - | O46: AI / ML, Cyber Security, IoT, Python, Cloud, Mobile Applications, Extended Reality (AR / VR) | P46: 0 | Q46: 0 | R46: 38026 | S46: Male | T46: CSE | U46: 63 | V46: 2019 | W46: 92 | X46: 2021 | Y46: 7.9 | Z46: 74 | AA46: 2025 | AB46: =VLOOKUP(B46,'Analysis data'!$B$1:$F$358,5,false) -> 0 | AC46: 1 | AD46: 21211A05C9@bvrit.ac.in | AE46: chaitu200620@gmail.com | AF46: 9966880756 | AG46: 9885500737 | AH46: CORIZO-BDA | AI46: 0 | AJ46: =VLOOKUP(B46,'Analysis data'!B:K,10,false) -> CORIZO-BDA & MRF | AK46: 1-49/2/A-75,shenkar nagar phase -2,Ashok nagar ,Hyderabad | AL46: KOLUSU Siva Rama Krishna | AM46: 8.24 | AN46: 7.32 | AO46: 0 | AP46: 0 | AQ46: 7.86 | AR46: 7.85 | AU46: : | AX46: Day Scholar
A47: 46 | B47: 21211A05D0 | C47: BINDHU SRI | D47: KOMMULA | E47: BINDHU SRI KOMMULA | F47: =VLOOKUP(B47,'Analysis data'!$B$2:$C$358,2,false) -> B | G47: =VLOOKUP(B47, 'Analysis data'!$B$2:$I$358, 8, FALSE) -> Convener | H47: MM | I47: BU | J47: 848607000000 | K47: =VLOOKUP(B47,'Analysis data'!B:E,4,false) -> 8.83 | L47: - | M47: - | N47: - | O47: AI / ML, Python, Java , Data structures | P47: 9482 | Q47: 0 | R47: 37934 | S47: Female | T47: CSE | U47: 95 | V47: 2019 | W47: 95.8 | X47: 2021 | Y47: 8.8 | Z47: 83 | AA47: 2025 | AB47: =VLOOKUP(B47,'Analysis data'!$B$1:$F$358,5,false) -> 0 | AC47: 0 | AD47: 21211a05d0@bvrit.ac.in | AE47: kommulabindhusri@gmail.com | AF47: 9059293538 | AG47: 9848293538 | AH47: 0 | AI47: 0 | AJ47: =VLOOKUP(B47,'Analysis data'!B:K,10,false) | AK47: H.no.: 2-87/1/9/B ,Reddy's colony ,kammarpally, Nizamabad | AL47: Kommula Srinivas | AM47: 8.65 | AN47: 8.85 | AO47: 8.5 | AP47: 0 | AQ47: 8.74 | AR47: 8.78 | AU47: : | AX47: Hosteller
A48: 47 | B48: 22215A0508 | C48: MOHAMMAD GHOUSE | D48: PASHA | E48: MOHAMMAD GHOUSE PASHA | F48: =VLOOKUP(B48,'Analysis data'!$B$2:$C$358,2,false) -> B | G48: =VLOOKUP(B48, 'Analysis data'!$B$2:$I$358, 8, FALSE) -> Management | H48: MM | I48: CS | J48: 287304000000 | K48: =VLOOKUP(B48,'Analysis data'!B:E,4,false) -> 7.63 | L48: - | M48: - | N48: - | O48: AI / ML, Data Sciences, Cyber Security, IoT, Block Chain, Python, Cloud, Big Data, UX / UI, Mobile Applications, Extended Reality (AR / VR) | P48: 0 | Q48: 1397 | R48: 22-06-2004 | S48: Male | T48: CSE | U48: 92 | V48: 2019 | W48: 72 | X48: 2022 | Y48: 7.6 | Z48: 71 | AA48: 2025 | AB48: =VLOOKUP(B48,'Analysis data'!$B$1:$F$358,5,false) -> 0 | AC48: 0 | AD48: 22215a0508@bvrit.ac.in | AE48: mdghousepasha2203@gmail.com | AF48: 9014100865 | AG48: 9121617631 | AH48: 0 | AI48: 0 | AJ48: =VLOOKUP(B48,'Analysis data'!B:K,10,false) | AK48: Pregnapur | AL48: Mohammad Akbar | AM48: 0 | AN48: 0 | AO48: 6.39 | AP48: 0 | AQ48: 7.22 | AR48: 7.43 | AU48: : | AX48: Day Scholar
